rainfall,aqi,temperature,civic_event,label
13.43,229.06,33.15,0,2
2.43,32.44,31.33,0,0
23.73,63.73,21.96,0,3
2.59,66.89,34.78,0,0
1.28,107.87,33.92,1,3
1.53,50.73,27.11,0,0
1.6,26.07,33.33,0,0
1.23,207.2,29.41,0,1
20.51,407.96,20.04,0,4
2.6,33.11,22.84,0,0
2.48,64.91,29.62,0,0
1.42,37.58,26.37,0,0
6.7,34.17,31.16,0,1
0.96,86.33,23.06,0,0
0.24,60.75,42.03,0,1
0.17,32.58,27.26,0,0
0.48,56.39,27.17,0,0
10.92,173.58,35.5,0,2
0.67,87.1,41.35,0,1
0.86,45.27,31.29,0,0
2.28,69.43,26.69,0,0
2.11,60.45,33.29,0,0
36.09,344.47,22.21,0,4
2.85,91.34,33.37,0,0
26.36,388.34,22.29,0,4
2.3,48.59,32.81,0,0
28.91,86.78,21.33,0,3
0.42,25.12,31.83,0,0
0.0,19.12,32.63,0,0
8.57,52.83,28.11,0,1
2.1,62.41,22.39,0,0
1.71,86.93,22.57,0,0
0.64,190.88,31.75,0,1
1.21,190.44,26.52,0,1
1.51,77.49,24.3,0,0
10.82,188.63,35.32,0,2
1.37,61.69,27.96,0,0
2.22,70.77,30.31,0,0
3.99,103.21,27.8,1,3
9.5,208.63,36.12,0,2
7.98,226.04,37.38,0,2
0.99,94.75,34.79,0,0
0.8,192.24,26.25,0,1
0.26,96.5,31.77,0,0
0.15,188.83,27.65,0,1
2.81,73.67,34.08,0,0
1.79,205.18,30.25,0,1
2.26,23.98,26.52,0,0
1.08,43.01,32.0,0,0
2.54,87.95,28.38,0,0
1.73,84.78,25.76,0,0
1.81,67.68,29.63,1,3
6.62,25.57,32.06,0,1
0.0,407.3,25.65,0,3
1.27,70.65,26.26,0,0
0.0,139.51,42.69,0,1
0.48,209.39,25.18,0,1
12.43,184.14,35.82,0,2
1.73,74.55,31.29,0,0
21.82,181.18,28.3,1,4
2.51,93.2,31.17,0,0
0.28,60.82,29.15,0,0
9.88,93.29,26.18,0,1
13.49,197.02,37.74,0,2
1.23,163.7,32.87,0,1
0.48,47.45,29.25,0,0
0.0,78.93,44.44,0,1
9.5,183.56,35.72,0,2
1.34,28.63,25.3,0,0
1.28,93.78,23.31,0,0
0.89,45.85,32.03,0,0
1.95,97.64,30.01,0,0
1.19,74.15,31.03,0,0
2.17,61.8,34.75,0,0
0.0,123.01,41.57,0,1
32.08,449.81,27.27,0,4
8.54,198.85,33.15,0,2
13.27,182.95,33.91,0,2
7.35,237.05,36.4,0,2
1.81,212.2,26.06,0,1
1.84,97.48,29.86,0,0
2.45,26.51,33.46,0,0
25.89,109.76,33.58,1,4
1.05,37.67,25.19,0,0
16.84,242.66,33.04,1,4
7.15,209.94,31.45,0,2
11.35,228.15,32.04,0,2
2.74,92.23,27.93,0,0
1.49,59.54,32.68,0,0
7.5,216.43,31.09,0,2
1.2,21.58,32.78,0,0
0.82,76.68,41.52,0,1
2.49,87.13,23.76,0,0
0.61,90.67,31.8,0,0
11.48,44.26,25.14,0,1
0.14,25.92,29.42,0,0
20.84,393.89,25.13,0,4
1.1,179.73,31.88,0,1
0.93,68.32,26.44,0,0
2.13,87.53,27.65,0,0
0.38,214.7,29.14,0,1
2.0,66.34,23.64,0,0
18.79,332.68,20.87,0,4
1.39,34.75,29.61,0,0
35.16,339.48,25.58,0,4
1.19,98.67,42.62,0,1
36.34,350.14,25.2,0,4
0.0,62.48,43.08,0,1
0.07,70.52,42.95,0,1
8.78,165.74,34.93,0,2
2.38,35.67,25.89,0,0
2.29,37.59,25.7,0,0
6.09,66.48,33.1,0,1
0.74,78.95,26.87,1,3
25.58,36.8,21.58,0,3
29.77,191.51,26.28,1,4
18.33,68.63,27.21,0,3
1.89,44.8,23.4,0,0
9.44,25.59,26.82,0,1
1.77,22.29,24.7,0,0
1.44,23.41,41.66,0,1
1.75,175.02,30.89,0,1
2.26,46.58,25.24,0,0
1.35,196.6,27.98,0,1
1.01,41.55,23.01,0,0
3.86,89.83,31.76,1,3
0.0,60.6,42.28,0,1
1.06,94.11,22.96,0,0
8.14,74.16,34.73,0,1
13.19,171.78,31.45,0,2
0.0,360.34,28.5,0,3
1.57,31.7,24.76,0,0
1.38,57.02,33.33,0,0
0.0,93.15,42.48,0,1
2.23,81.88,33.32,0,0
0.47,44.34,27.47,0,0
12.31,238.73,33.03,0,2
1.63,84.73,30.59,0,0
0.67,182.65,29.7,0,1
1.77,81.69,25.35,0,0
11.7,202.05,32.6,0,2
0.0,375.18,27.83,0,3
1.02,203.36,29.57,0,1
0.37,26.59,22.28,0,0
1.73,218.97,29.96,0,1
1.04,69.23,29.9,0,0
1.03,69.81,29.21,0,0
13.59,222.37,32.43,0,2
10.15,222.21,37.09,0,2
0.72,51.77,22.67,0,0
12.25,187.63,33.72,0,2
1.36,94.19,42.16,0,1
0.06,41.95,22.82,0,0
0.56,49.42,27.19,0,0
1.96,51.84,33.61,0,0
1.23,80.96,28.43,0,0
42.36,386.16,26.26,0,4
2.57,50.66,26.62,0,0
10.59,186.99,30.46,0,2
2.32,93.26,24.19,0,0
0.58,186.93,32.36,0,1
2.34,32.23,31.87,0,0
0.63,183.31,27.75,0,1
0.47,31.94,22.48,0,0
2.12,58.02,28.9,0,0
1.75,34.52,24.7,0,0
28.79,205.58,32.6,1,4
10.08,54.47,34.73,0,1
24.84,92.98,20.54,0,3
2.7,96.04,32.17,0,0
1.12,30.52,30.48,0,0
13.19,228.85,30.79,0,2
2.73,86.72,27.98,0,0
1.66,65.71,25.3,0,0
1.86,32.53,34.98,0,0
1.66,62.1,27.87,0,0
1.7,22.74,27.03,0,0
0.37,93.67,31.1,0,0
2.85,33.36,25.06,0,0
2.18,63.52,22.76,0,0
1.6,70.38,32.7,0,0
1.56,95.84,42.19,0,1
0.2,35.33,24.31,0,0
0.79,172.34,27.45,0,1
1.26,48.19,29.2,0,0
1.74,16.86,25.35,0,0
1.84,201.16,25.74,0,1
36.76,368.24,25.95,0,4
1.02,192.86,34.97,0,1
16.6,83.31,27.79,0,3
9.14,213.5,30.32,0,2
1.57,29.96,42.0,0,1
7.38,224.32,32.43,0,2
7.76,209.62,34.46,0,2
1.87,73.76,28.48,0,0
1.81,193.14,26.75,0,1
0.53,43.5,28.21,0,0
1.43,45.97,29.22,0,0
1.3,56.7,34.84,0,0
0.27,53.18,41.29,0,1
1.69,89.76,33.19,0,0
0.44,56.75,26.78,0,0
10.46,161.61,32.28,0,2
2.38,85.98,29.28,1,3
12.9,217.83,37.5,0,2
10.15,209.34,34.03,0,2
1.43,60.46,42.15,0,1
0.5,57.38,31.69,0,0
18.67,71.24,23.28,0,3
1.27,187.22,27.08,0,1
10.32,217.36,37.36,0,2
2.69,32.03,24.89,0,0
7.72,196.38,31.71,0,2
6.25,53.06,32.31,0,1
0.13,65.27,23.56,0,0
2.97,48.83,32.96,0,0
1.67,78.67,27.38,1,3
0.33,65.93,27.16,0,0
25.41,65.88,23.34,0,3
1.57,24.24,32.98,0,0
0.89,62.3,42.65,0,1
0.69,63.48,34.19,0,0
9.16,237.04,32.74,0,2
22.85,370.23,26.98,0,4
1.19,56.71,30.2,0,0
2.89,26.5,28.18,0,0
2.08,96.86,25.75,0,0
20.34,477.36,27.42,0,4
1.52,64.91,29.2,0,0
0.88,54.92,41.54,0,1
1.54,80.83,23.9,0,0
0.0,405.53,22.14,0,3
2.96,60.95,24.48,0,0
2.58,65.99,23.5,0,0
1.24,67.19,25.23,1,3
1.19,53.06,31.55,0,0
0.59,48.84,22.9,0,0
24.81,192.33,32.55,1,4
13.69,220.45,36.59,0,2
1.95,60.49,41.01,0,1
2.04,32.98,28.22,0,0
1.83,52.48,41.45,0,1
2.63,95.04,33.53,0,0
1.16,97.87,26.21,0,0
0.85,96.94,27.41,0,0
27.35,392.13,25.66,0,4
0.87,200.0,34.73,0,1
0.57,69.42,33.65,0,0
10.26,219.64,31.66,0,2
1.71,84.13,27.63,0,0
1.03,90.75,41.96,0,1
2.4,67.51,31.5,0,0
0.0,365.89,28.58,0,3
1.11,93.57,32.35,0,0
0.52,79.65,42.55,0,1
0.0,115.2,43.35,0,1
9.2,67.55,26.21,0,1
1.9,30.26,42.07,0,1
0.85,67.83,25.94,0,0
2.24,63.87,28.73,0,0
2.11,51.04,33.68,0,0
1.61,189.13,27.79,0,1
1.69,51.11,27.17,0,0
2.01,59.11,28.98,0,0
1.84,49.3,32.0,0,0
0.04,174.3,29.99,0,1
1.03,57.26,27.81,0,0
11.35,22.33,27.59,0,1
9.94,42.65,28.47,0,1
0.0,133.59,42.1,0,1
2.21,91.54,30.54,0,0
0.0,409.19,20.48,0,3
1.49,214.09,30.21,0,1
1.82,178.02,25.25,0,1
2.0,53.53,30.65,1,3
0.61,219.66,26.85,0,1
1.85,44.34,28.17,0,0
38.4,320.67,26.07,0,4
0.51,101.56,29.46,1,3
1.98,76.85,34.12,0,0
2.09,44.09,31.33,0,0
1.37,30.61,26.37,0,0
8.63,214.79,33.97,0,2
1.16,88.88,34.86,0,0
0.16,26.07,32.25,0,0
9.0,191.3,36.49,0,2
2.27,40.09,31.42,0,0
9.84,21.44,32.9,0,1
3.94,113.41,30.27,1,3
0.51,87.58,34.1,0,0
2.2,67.96,25.94,0,0
2.03,23.61,24.46,0,0
2.71,63.78,28.8,0,0
13.92,173.78,31.06,0,2
2.71,49.97,32.32,0,0
1.48,25.83,27.37,0,0
1.65,81.33,34.2,0,0
2.23,90.28,23.62,0,0
8.55,65.77,25.38,0,1
1.4,61.09,24.06,0,0
2.18,81.77,22.98,0,0
25.16,348.88,22.17,0,4
1.17,205.65,31.62,0,1
0.57,17.14,30.47,0,0
0.71,207.0,29.34,0,1
11.44,162.65,37.75,0,2
0.83,83.79,24.47,0,0
2.59,69.17,25.93,0,0
0.81,194.3,34.88,0,1
22.66,82.71,25.11,1,4
12.66,176.33,34.75,0,2
2.2,50.74,32.7,0,0
22.52,238.75,30.9,1,4
7.14,213.64,33.11,0,2
0.16,217.04,33.88,0,1
0.74,68.42,22.56,0,0
0.09,217.53,28.23,0,1
11.16,205.73,34.63,0,2
2.66,93.13,30.38,0,0
27.4,88.76,23.73,0,3
11.0,230.7,37.24,0,2
1.4,203.53,32.27,0,1
8.01,37.55,28.17,0,1
17.85,80.61,25.16,1,4
0.34,62.08,27.83,0,0
1.51,196.63,27.21,0,1
2.15,72.83,29.31,0,0
21.71,140.45,34.85,1,4
1.23,27.86,31.44,0,0
2.65,46.83,33.92,0,0
16.95,172.23,33.6,1,4
1.94,98.43,24.52,0,0
0.07,34.71,32.13,0,0
12.49,194.03,35.89,0,2
1.71,75.38,41.31,0,1
11.92,21.31,32.17,0,1
16.17,119.28,20.31,0,3
2.77,73.75,30.43,0,0
9.22,202.44,35.04,0,2
2.39,42.35,22.93,0,0
1.23,92.18,27.4,0,0
0.59,61.28,24.31,0,0
2.14,81.67,33.06,0,0
0.63,69.64,34.2,1,3
6.32,26.67,25.56,0,1
43.94,375.2,25.38,0,4
8.38,215.5,30.07,0,2
1.05,94.29,34.82,0,0
1.83,78.34,24.48,0,0
8.8,173.51,36.81,0,2
1.81,209.03,32.75,0,1
0.95,45.83,42.45,0,1
0.0,311.85,22.55,0,3
0.41,17.73,24.95,0,0
0.14,26.67,24.63,0,0
1.75,42.39,23.84,0,0
23.09,199.39,34.04,1,4
1.2,181.11,31.71,0,1
9.55,161.19,32.79,0,2
0.47,46.11,24.7,0,0
19.83,448.73,21.44,0,4
0.49,47.07,27.49,0,0
21.41,127.44,20.12,0,3
13.64,165.11,36.93,0,2
2.63,41.2,34.77,0,0
1.61,54.93,41.52,0,1
0.99,67.47,32.9,0,0
1.69,89.2,41.65,0,1
1.01,84.58,32.37,0,0
2.85,39.27,30.14,0,0
1.26,195.45,28.8,0,1
1.61,70.81,41.39,0,1
10.52,162.98,33.16,0,2
2.4,34.89,27.88,0,0
2.64,52.73,33.14,0,0
9.24,217.02,33.75,0,2
2.0,80.82,30.95,0,0
1.62,47.73,42.23,0,1
2.22,96.0,27.84,0,0
1.59,96.98,41.53,0,1
0.95,93.05,41.41,0,1
0.0,329.71,22.37,0,3
0.88,79.52,26.4,0,0
18.56,150.49,32.23,1,4
0.0,383.92,20.12,0,3
25.86,73.65,26.12,0,3
1.02,89.65,26.21,0,0
2.37,23.04,26.05,0,0
13.7,222.63,31.38,0,2
0.0,106.57,44.2,0,1
11.41,92.86,27.85,0,1
2.79,40.53,23.56,0,0
0.85,21.85,34.79,0,0
0.82,50.69,27.39,0,0
2.72,20.12,34.24,0,0
11.88,172.63,32.63,0,2
1.96,43.89,29.17,0,0
10.87,165.72,30.49,0,2
24.7,97.71,24.54,0,3
0.83,75.22,34.51,0,0
38.22,394.78,21.53,0,4
2.12,37.21,27.73,0,0
0.37,36.25,23.1,0,0
1.7,78.31,22.43,0,0
7.51,28.52,28.96,0,1
2.5,57.6,30.06,0,0
2.25,97.75,28.27,0,0
24.49,402.65,25.86,0,4
0.73,190.47,32.03,0,1
0.0,134.53,41.41,0,1
23.12,75.07,21.64,0,3
10.39,54.52,33.46,0,1
0.14,55.0,42.96,0,1
1.1,72.23,24.07,0,0
0.65,72.32,42.56,0,1
0.28,81.19,27.68,0,0
12.74,220.54,36.48,0,2
1.63,219.97,29.57,0,1
38.67,332.92,26.06,0,4
0.8,64.51,25.32,0,0
0.81,216.61,34.42,0,1
1.3,99.16,23.67,0,0
1.62,32.97,41.44,0,1
0.5,36.91,28.87,0,0
9.66,195.7,36.34,0,2
11.05,92.58,27.86,0,1
9.17,183.65,31.54,0,2
8.83,197.19,36.5,0,2
12.99,172.89,34.7,0,2
0.0,315.02,23.07,0,3
0.3,20.55,22.21,0,0
0.09,185.23,29.4,0,1
1.84,29.95,42.51,0,1
0.96,17.11,29.23,0,0
1.81,63.82,42.9,0,1
1.03,85.54,29.19,0,0
1.61,58.66,42.93,0,1
0.4,44.63,24.69,0,0
13.63,167.19,31.94,0,2
1.53,53.42,31.45,0,0
11.01,207.28,36.74,0,2
0.04,33.11,22.46,0,0
1.07,23.38,31.82,0,0
6.87,33.46,25.56,0,1
1.85,53.0,23.63,0,0
25.32,120.33,22.15,0,3
1.92,89.98,30.03,0,0
23.41,232.51,26.25,1,4
7.8,187.05,35.47,0,2
1.04,191.73,25.57,0,1
0.02,59.58,28.03,0,0
44.85,411.05,22.63,0,4
0.71,45.12,42.25,0,1
1.21,38.21,26.48,0,0
13.46,206.65,30.08,0,2
2.86,92.38,23.5,0,0
0.0,56.23,42.48,0,1
1.59,48.48,23.77,0,0
0.0,399.24,23.31,0,3
7.03,73.22,33.05,0,1
1.43,29.08,41.5,0,1
1.6,97.96,33.22,0,0
0.7,52.03,34.67,0,0
2.87,31.19,33.52,0,0
0.0,398.45,21.97,0,3
25.55,229.42,29.9,1,4
2.18,37.94,32.66,0,0
0.13,61.88,32.87,0,0
13.93,171.26,32.76,0,2
0.17,18.66,22.38,0,0
2.53,75.32,27.81,0,0
0.05,29.91,27.03,0,0
0.78,99.76,27.82,0,0
1.22,38.75,26.58,0,0
0.0,56.79,28.36,0,0
2.5,31.3,32.01,0,0
0.84,37.94,24.98,0,0
35.49,455.75,20.2,0,4
0.0,393.79,22.84,0,3
26.44,126.12,22.59,0,3
9.2,227.65,33.5,0,2
2.32,57.17,25.47,0,0
20.29,443.58,27.82,0,4
0.0,55.92,42.35,0,1
1.38,25.91,42.58,0,1
8.5,183.88,36.46,0,2
12.7,185.78,37.76,0,2
7.46,198.22,35.32,0,2
2.71,79.1,23.06,0,0
0.0,391.0,22.69,0,3
2.71,49.91,30.88,0,0
12.58,178.11,35.25,0,2
7.84,171.3,32.91,0,2
2.39,69.63,28.47,0,0
0.34,58.95,33.48,0,0
13.17,205.21,31.77,0,2
2.82,55.39,33.17,0,0
12.83,176.85,35.44,0,2
10.87,226.82,37.91,0,2
1.36,79.08,31.43,0,0
6.07,94.77,33.64,0,1
1.34,59.55,28.22,0,0
10.42,175.11,30.94,0,2
0.0,375.0,28.84,0,3
1.45,24.53,34.89,0,0
36.67,396.04,22.99,0,4
13.48,233.16,34.41,0,2
0.22,49.23,31.53,0,0
0.2,212.63,29.0,0,1
0.19,108.48,34.34,1,3
12.63,229.7,34.18,0,2
9.01,179.98,34.87,0,2
9.78,192.02,37.63,0,2
1.73,71.17,41.02,0,1
1.25,70.49,27.14,0,0
0.0,356.74,28.97,0,3
1.54,202.74,32.14,0,1
1.32,72.29,42.13,0,1
0.0,135.55,42.62,0,1
30.25,461.94,26.65,0,4
0.67,51.03,22.61,0,0
0.77,33.24,27.16,0,0
1.2,61.1,29.34,1,3
0.13,98.14,34.63,0,0
2.46,33.99,27.42,0,0
10.85,225.69,37.84,0,2
2.77,50.14,27.3,0,0
2.5,79.51,33.62,0,0
0.65,40.8,28.89,0,0
0.9,30.53,24.07,0,0
8.15,54.71,29.66,0,1
0.28,37.15,23.5,0,0
0.07,44.81,24.77,0,0
2.56,60.1,32.68,1,3
3.39,107.85,34.41,1,3
0.13,23.84,29.43,0,0
0.05,76.03,42.54,0,1
25.97,73.05,21.55,0,3
2.02,85.32,32.75,1,3
1.36,59.54,24.79,0,0
6.01,95.19,34.48,0,1
9.96,174.29,33.94,0,2
11.24,202.2,36.8,0,2
2.58,52.35,22.03,0,0
13.14,198.75,33.64,0,2
0.0,346.11,27.17,0,3
7.97,206.25,36.46,0,2
1.52,86.39,34.39,0,0
9.29,208.39,30.22,0,2
1.94,64.5,41.69,0,1
0.0,372.61,24.09,0,3
1.62,49.25,42.58,0,1
0.84,49.23,27.26,0,0
1.96,63.79,28.77,0,0
22.77,78.89,26.95,0,3
0.45,216.57,29.93,0,1
1.91,75.11,29.86,0,0
2.21,94.01,34.38,0,0
12.88,238.29,30.35,0,2
0.28,200.04,31.37,0,1
11.87,177.37,32.33,0,2
2.76,59.35,34.69,0,0
1.66,82.09,32.36,0,0
0.86,23.31,32.47,0,0
7.57,180.59,33.6,0,2
11.17,65.38,32.8,0,1
0.99,90.82,29.76,0,0
2.54,52.62,27.2,0,0
2.04,60.27,26.05,0,0
0.55,34.11,33.25,0,0
0.16,51.07,42.56,0,1
0.0,73.21,43.19,0,1
9.83,165.47,32.97,0,2
2.07,83.81,27.15,0,0
1.3,193.26,31.29,0,1
0.0,400.48,22.35,0,3
11.21,164.01,31.47,0,2
2.66,55.87,33.88,0,0
0.02,95.6,31.41,0,0
13.41,238.76,30.78,0,2
0.57,84.57,26.62,0,0
11.79,64.22,30.55,0,1
0.96,173.16,25.01,0,1
29.13,33.78,27.67,0,3
39.6,463.86,27.84,0,4
2.31,77.4,25.74,0,0
0.53,92.63,33.43,0,0
6.97,68.66,29.45,0,1
9.04,225.73,33.11,0,2
7.14,191.45,31.76,0,2
2.84,28.51,23.14,0,0
0.37,20.27,30.9,0,0
0.59,69.87,27.8,0,0
2.91,65.99,29.98,0,0
0.0,326.47,21.56,0,3
1.14,90.08,22.43,0,0
27.05,182.54,32.92,1,4
0.99,23.64,34.8,0,0
29.03,73.16,27.36,0,3
2.08,70.05,27.2,0,0
21.66,126.48,21.17,0,3
1.45,92.95,30.12,1,3
0.37,80.38,41.89,0,1
17.24,133.58,34.31,1,4
3.89,81.21,34.14,1,3
0.07,82.58,33.52,0,0
1.66,85.68,28.0,0,0
11.47,217.66,37.35,0,2
2.31,75.58,27.71,0,0
2.64,32.4,26.14,0,0
22.67,388.6,22.22,0,4
19.1,197.49,34.67,1,4
1.56,119.29,33.12,1,3
0.0,62.01,43.9,0,1
10.14,183.36,31.77,0,2
27.15,183.84,30.32,1,4
9.27,32.98,29.37,0,1
27.31,371.39,25.55,0,4
2.58,33.07,32.34,0,0
0.0,134.64,42.86,0,1
0.74,25.74,24.2,0,0
28.13,73.23,22.26,0,3
0.0,366.72,25.26,0,3
2.91,22.18,31.1,0,0
1.33,91.47,31.99,0,0
1.65,29.05,34.43,0,0
9.62,185.43,31.91,0,2
10.04,186.42,37.24,0,2
0.79,44.31,25.38,0,0
0.49,75.77,42.22,0,1
6.75,39.17,28.46,0,1
8.53,213.6,30.46,0,2
12.56,208.38,31.61,0,2
2.42,51.72,25.32,0,0
26.98,227.21,28.24,1,4
1.87,46.82,34.82,0,0
0.69,201.49,28.9,0,1
6.01,64.88,27.92,0,1
2.52,17.55,30.99,0,0
8.29,97.31,32.93,0,1
8.43,178.99,30.23,0,2
0.82,23.4,42.51,0,1
28.86,85.83,25.95,1,4
18.97,85.32,22.61,0,3
2.74,82.53,34.01,0,0
10.15,199.46,31.64,0,2
0.49,55.24,30.4,0,0
2.83,69.98,24.86,0,0
0.51,97.78,25.08,0,0
0.49,44.27,30.0,0,0
0.48,98.0,30.03,0,0
1.65,35.48,34.66,0,0
0.43,67.1,23.78,0,0
0.51,214.52,30.21,0,1
0.0,322.33,23.27,0,3
0.0,94.53,44.02,0,1
0.34,73.06,42.46,0,1
12.0,188.93,30.01,0,2
0.12,199.1,34.85,0,1
8.78,199.47,30.4,0,2
0.95,188.78,25.37,0,1
1.89,165.19,27.79,0,1
10.78,235.94,33.11,0,2
0.06,63.01,31.78,0,0
13.38,178.33,35.91,0,2
0.0,115.37,43.77,0,1
24.36,127.95,31.83,1,4
8.37,195.49,33.38,0,2
11.67,198.1,35.22,0,2
0.7,35.39,22.38,0,0
13.9,184.72,37.44,0,2
6.26,71.28,25.18,0,1
1.39,28.45,34.85,0,0
12.96,238.33,35.4,0,2
2.27,64.67,25.48,0,0
1.82,48.61,25.06,0,0
0.7,89.38,31.02,0,0
2.84,48.06,29.47,0,0
6.47,33.64,32.88,0,1
0.27,76.11,32.43,0,0
0.15,205.85,29.24,0,1
7.94,237.84,37.05,0,2
2.68,91.07,28.0,0,0
29.67,134.01,27.75,1,4
6.56,31.25,34.72,0,1
13.12,237.69,33.03,0,2
8.29,204.13,31.68,0,2
0.3,64.28,34.35,0,0
1.51,73.4,28.45,0,0
21.71,129.35,27.02,0,3
0.0,328.53,28.05,0,3
1.33,96.13,29.97,0,0
10.44,35.39,28.21,0,1
2.33,56.21,24.16,0,0
2.96,75.72,30.84,0,0
1.55,79.29,42.41,0,1
10.61,234.12,37.13,0,2
2.41,90.74,30.04,0,0
1.47,218.38,32.76,0,1
6.74,53.31,27.98,0,1
20.33,112.95,24.56,0,3
3.17,84.5,33.35,1,3
0.34,52.25,24.36,0,0
1.76,49.33,33.26,0,0
2.99,45.55,28.7,0,0
1.74,96.71,31.74,0,0
1.33,51.16,23.27,0,0
0.0,349.55,20.45,0,3
1.8,22.99,41.8,0,1
9.16,195.68,34.52,0,2
36.87,350.52,25.54,0,4
2.32,28.52,22.3,0,0
2.9,60.73,29.89,0,0
27.92,411.06,20.04,0,4
7.29,84.46,30.59,0,1
11.39,197.03,35.83,0,2
29.86,70.54,27.35,0,3
7.3,80.98,33.35,0,1
0.0,88.48,42.02,0,1
0.69,44.1,41.57,0,1
11.55,176.34,35.53,0,2
0.61,78.52,26.72,0,0
7.75,62.68,27.29,0,1
0.35,29.36,41.06,0,1
0.85,39.83,34.77,0,0
1.38,98.84,22.4,0,0
9.6,232.49,37.3,0,2
0.66,51.38,34.55,0,0
2.94,84.65,25.48,0,0
7.35,203.85,32.86,0,2
1.42,57.73,30.53,0,0
13.83,221.02,35.5,0,2
0.35,20.0,28.21,0,0
11.55,236.23,33.06,0,2
0.25,185.39,30.43,0,1
2.36,32.01,29.29,0,0
1.64,209.07,26.15,0,1
1.69,176.48,29.26,0,1
9.45,60.92,34.15,0,1
1.79,86.88,29.77,0,0
1.67,51.72,34.8,0,0
2.3,17.04,29.85,0,0
2.73,60.84,32.76,0,0
10.13,187.02,30.94,0,2
0.0,34.2,29.29,0,0
23.14,448.54,20.9,0,4
0.31,35.65,30.15,0,0
0.0,387.08,23.87,0,3
2.07,95.11,29.55,0,0
1.87,51.46,27.19,0,0
3.75,100.54,29.59,1,3
0.28,84.78,24.2,0,0
1.22,79.45,41.03,0,1
0.78,59.31,28.06,0,0
2.28,73.42,32.67,0,0
1.52,66.32,22.64,0,0
25.32,154.55,30.41,1,4
1.34,52.07,25.75,0,0
9.87,204.14,31.25,0,2
1.06,179.12,28.52,0,1
2.62,61.63,32.49,0,0
0.0,108.13,41.99,0,1
0.48,18.99,27.55,0,0
2.07,96.75,22.96,0,0
16.94,53.7,27.52,0,3
1.77,70.18,33.4,0,0
2.67,48.29,33.98,0,0
0.31,19.43,34.57,0,0
1.62,59.79,27.22,0,0
1.43,23.46,32.28,0,0
0.73,42.05,29.95,0,0
8.07,207.41,33.38,0,2
3.27,112.76,26.42,1,3
16.78,199.19,30.8,1,4
0.64,34.61,31.52,0,0
0.09,195.66,32.75,0,1
0.53,26.17,42.44,0,1
0.0,412.16,22.44,0,3
13.79,177.6,33.7,0,2
23.01,470.1,20.93,0,4
2.99,63.96,29.62,0,0
0.0,85.53,44.18,0,1
2.7,32.43,30.74,0,0
7.78,203.52,30.1,0,2
25.51,244.95,27.88,1,4
0.0,63.37,42.89,0,1
12.6,161.28,32.27,0,2
19.69,104.11,24.84,0,3
2.85,58.59,32.33,0,0
8.61,21.55,25.08,0,1
1.54,96.23,34.64,0,0
1.12,215.44,32.57,0,1
0.53,18.25,22.9,0,0
2.18,35.77,27.1,0,0
1.77,90.9,34.78,0,0
7.7,37.89,27.62,0,1
0.19,60.9,22.23,0,0
12.37,191.98,37.77,0,2
7.86,238.39,36.76,0,2
11.57,208.38,37.92,0,2
1.24,23.56,41.77,0,1
2.56,30.33,30.37,0,0
2.85,60.01,31.21,0,0
11.41,70.18,30.1,0,1
9.01,45.95,25.51,0,1
0.81,36.37,42.22,0,1
0.0,68.89,41.07,0,1
1.76,69.0,33.24,0,0
2.86,59.36,25.19,0,0
0.17,24.36,33.47,0,0
0.17,65.85,26.98,0,0
0.36,18.75,33.25,0,0
0.33,32.02,23.34,0,0
0.71,218.65,27.12,0,1
1.21,64.33,41.96,0,1
1.01,188.74,28.19,0,1
1.34,83.26,25.22,0,0
20.21,117.24,23.64,0,3
12.78,184.1,35.12,0,2
0.94,178.31,28.1,0,1
1.87,199.0,29.43,0,1
1.89,16.51,30.84,0,0
1.97,49.5,30.61,0,0
0.35,36.03,27.35,0,0
0.25,42.63,31.17,0,0
0.2,93.93,42.96,0,1
2.25,36.31,32.83,0,0
1.31,65.67,33.08,0,0
29.73,67.73,22.53,0,3
20.48,150.59,34.85,1,4
2.6,86.61,25.41,0,0
25.98,105.55,27.23,0,3
1.09,188.91,33.79,0,1
1.71,89.99,26.46,0,0
10.6,172.62,30.32,0,2
8.83,225.26,31.51,0,2
0.32,25.0,42.92,0,1
0.0,321.71,28.28,0,3
2.7,98.12,23.72,0,0
2.69,91.4,29.61,0,0
22.51,94.66,21.04,0,3
2.9,82.61,30.8,0,0
0.0,410.07,27.84,0,3
1.03,99.62,27.07,0,0
7.7,184.87,37.06,0,2
1.61,212.36,28.06,0,1
0.68,71.67,28.79,0,0
0.78,178.61,33.64,0,1
10.01,210.44,30.38,0,2
1.25,61.94,42.6,0,1
2.27,58.02,23.61,0,0
11.54,166.59,33.6,0,2
0.28,70.43,42.5,0,1
44.5,479.92,24.01,0,4
0.86,185.0,28.44,0,1
1.14,16.25,28.62,0,0
0.0,102.13,43.75,0,1
1.88,84.45,28.15,0,0
0.54,85.09,32.35,0,0
9.75,206.66,30.99,0,2
1.31,18.7,23.35,0,0
0.44,68.92,31.77,1,3
1.57,58.17,32.84,0,0
1.84,79.46,42.87,0,1
0.33,31.32,24.8,0,0
3.64,78.92,31.31,1,3
27.95,168.82,30.66,1,4
1.68,82.37,25.96,0,0
1.75,69.05,24.63,0,0
0.46,93.32,24.77,0,0
2.52,83.27,27.93,0,0
10.15,177.96,33.41,0,2
1.43,81.58,41.19,0,1
2.2,55.52,27.55,0,0
0.56,197.99,32.4,0,1
0.76,58.89,32.3,0,0
6.09,29.72,25.8,0,1
2.17,96.27,22.15,0,0
2.58,73.52,27.26,0,0
24.14,347.59,27.52,0,4
0.0,333.81,25.09,0,3
1.15,46.64,25.79,0,0
2.31,50.74,32.58,0,0
0.0,351.73,26.12,0,3
27.97,177.17,31.3,1,4
7.86,206.74,30.68,0,2
0.64,63.2,32.97,0,0
2.31,27.16,24.47,0,0
0.0,64.75,42.06,0,1
0.0,86.34,41.36,0,1
1.97,175.09,33.45,0,1
1.49,52.82,33.21,1,3
0.39,207.19,34.14,0,1
8.38,32.59,28.86,0,1
23.68,71.47,21.33,0,3
0.0,124.5,41.98,0,1
0.0,310.27,24.38,0,3
0.57,117.49,30.63,1,3
0.93,28.56,25.36,0,0
0.74,73.06,32.67,0,0
1.57,18.55,23.18,0,0
7.09,80.87,34.2,0,1
2.71,38.08,24.9,0,0
0.24,20.88,27.8,0,0
8.29,177.41,31.38,0,2
19.52,99.5,27.72,0,3
0.38,65.57,33.33,1,3
29.65,138.19,32.71,1,4
2.61,81.17,28.77,0,0
1.01,71.02,28.97,1,3
6.93,58.41,27.31,0,1
1.9,17.95,34.23,0,0
0.82,88.4,31.94,0,0
8.02,221.57,32.89,0,2
41.07,372.03,25.5,0,4
2.9,19.26,28.68,0,0
26.0,87.62,24.88,0,3
0.0,118.64,43.91,0,1
1.7,28.85,31.82,0,0
0.81,80.43,32.95,0,0
1.5,73.94,31.69,0,0
9.73,202.91,30.88,0,2
19.65,151.22,28.95,1,4
25.42,125.26,25.18,0,3
12.5,200.78,30.26,0,2
27.16,56.86,23.51,0,3
0.98,79.5,27.57,0,0
2.37,79.85,24.43,0,0
2.55,53.82,30.6,0,0
0.18,29.02,27.22,0,0
2.69,61.38,30.15,0,0
10.72,221.57,36.26,0,2
0.25,98.84,30.35,0,0
12.3,209.04,33.77,0,2
20.79,81.31,29.23,1,4
2.37,72.36,22.34,0,0
1.63,67.54,32.0,0,0
30.18,452.0,24.02,0,4
8.54,66.77,27.07,0,1
0.67,106.32,32.86,1,3
7.83,239.0,37.54,0,2
1.73,90.56,28.43,0,0
11.95,73.12,31.64,0,1
1.95,85.8,32.58,0,0
0.0,128.6,42.36,0,1
10.97,184.0,33.62,0,2
0.0,325.07,20.56,0,3
0.27,27.63,24.64,0,0
1.33,28.58,42.39,0,1
1.61,185.45,29.47,0,1
2.53,15.34,23.88,0,0
1.03,179.03,25.2,0,1
0.48,64.54,32.0,0,0
2.09,91.49,30.08,0,0
8.43,166.0,32.92,0,2
11.8,236.41,35.04,0,2
2.39,28.01,32.57,0,0
0.46,28.78,34.79,0,0
11.52,74.21,27.42,0,1
0.0,393.79,27.87,0,3
25.08,405.14,27.45,0,4
11.63,230.04,34.56,0,2
2.93,60.45,26.1,0,0
10.25,161.0,32.56,0,2
1.07,201.05,32.78,0,1
2.22,44.04,26.99,0,0
1.77,22.94,33.87,0,0
1.35,208.26,31.3,0,1
17.35,93.4,22.93,0,3
2.98,79.1,28.31,0,0
0.57,40.4,28.33,0,0
10.91,40.5,28.66,0,1
1.64,94.2,42.97,0,1
0.81,28.69,22.62,0,0
0.85,48.24,23.43,0,0
17.3,120.39,20.41,0,3
9.15,174.5,35.64,0,2
0.0,410.28,22.65,0,3
40.25,338.21,27.23,0,4
0.55,93.4,41.73,0,1
1.78,45.06,34.69,0,0
0.94,63.14,31.49,0,0
20.35,455.75,27.05,0,4
3.0,40.55,24.75,0,0
0.03,90.3,25.49,0,0
11.98,57.73,25.48,0,1
0.38,33.0,31.63,0,0
9.34,23.71,26.87,0,1
1.44,36.12,28.18,0,0
1.34,26.71,42.73,0,1
0.0,379.81,29.43,0,3
8.44,231.46,35.88,0,2
2.14,39.6,28.39,0,0
0.25,80.33,32.77,0,0
0.72,51.55,32.55,0,0
2.43,93.43,29.3,0,0
0.81,24.47,25.37,0,0
18.7,72.25,26.78,0,3
1.05,65.24,26.45,0,0
0.05,191.78,32.47,0,1
22.59,33.67,27.06,0,3
8.88,180.54,30.2,0,2
0.76,67.57,29.12,0,0
29.79,220.25,28.36,1,4
10.03,212.84,37.76,0,2
2.39,65.18,34.35,0,0
2.16,18.16,25.21,0,0
1.3,97.05,22.88,0,0
0.61,51.04,22.79,0,0
18.19,374.81,21.87,0,4
1.05,68.55,30.84,0,0
1.47,90.58,23.93,0,0
27.43,85.47,26.83,1,4
29.29,479.94,22.73,0,4
0.0,86.25,44.19,0,1
1.73,42.27,31.58,0,0
1.79,15.0,25.28,0,0
0.63,88.14,33.89,0,0
11.13,178.47,32.2,0,2
2.33,36.5,34.65,0,0
14.0,196.73,34.71,0,2
1.81,97.78,22.39,0,0
0.84,98.5,23.72,0,0
0.0,361.57,26.69,0,3
2.84,108.91,29.7,1,3
8.27,235.01,30.77,0,2
0.87,27.98,27.29,0,0
1.15,92.27,41.68,0,1
1.34,15.34,24.01,0,0
1.6,95.74,22.26,0,0
2.91,89.94,32.85,0,0
1.93,32.27,30.46,0,0
1.91,51.45,33.8,0,0
0.57,85.8,31.58,0,0
0.36,41.46,28.26,0,0
2.54,59.28,33.95,0,0
0.15,89.07,23.95,0,0
1.39,56.82,22.31,0,0
0.65,98.04,41.56,0,1
3.86,103.88,28.97,1,3
0.43,40.84,27.79,0,0
2.75,16.0,29.63,0,0
12.12,211.5,33.28,0,2
0.47,58.76,25.84,1,3
1.49,16.28,23.52,0,0
16.62,73.18,26.05,0,3
0.0,83.5,41.83,0,1
21.88,334.55,25.13,0,4
0.06,89.47,42.77,0,1
0.23,95.47,22.94,0,0
8.02,88.15,33.47,0,1
2.43,21.61,22.1,0,0
27.64,61.94,24.61,0,3
1.91,85.89,24.44,0,0
1.35,86.83,31.51,0,0
0.73,74.13,28.24,0,0
6.86,23.07,34.51,0,1
10.49,204.08,34.09,0,2
2.52,85.76,32.75,1,3
0.91,17.19,31.7,0,0
0.0,411.51,20.34,0,3
0.77,15.71,34.07,0,0
1.51,64.52,29.94,0,0
0.12,98.39,41.49,0,1
0.89,76.79,42.25,0,1
1.01,99.42,31.97,0,0
0.88,90.96,30.59,0,0
1.09,47.21,24.42,0,0
0.86,79.54,41.36,0,1
2.17,21.53,24.61,0,0
13.13,218.31,34.22,0,2
2.48,25.54,27.01,0,0
2.13,57.8,33.8,0,0
2.46,58.41,26.76,0,0
1.14,164.15,29.8,0,1
29.98,210.45,31.88,1,4
1.35,57.71,26.89,0,0
1.1,21.37,25.78,0,0
2.26,72.05,34.22,0,0
2.36,64.95,30.4,0,0
1.6,195.22,29.91,0,1
0.18,199.33,30.77,0,1
0.61,52.09,33.72,0,0
34.8,364.01,27.42,0,4
2.95,54.18,29.17,1,3
0.0,360.83,24.71,0,3
0.63,28.42,29.35,0,0
0.23,58.35,30.7,0,0
12.86,198.56,33.12,0,2
7.09,210.68,33.25,0,2
1.3,208.03,28.89,0,1
11.66,71.51,34.04,0,1
9.42,208.31,31.76,0,2
7.31,226.51,34.67,0,2
2.62,89.6,33.09,0,0
11.75,191.75,31.09,0,2
1.04,45.44,29.35,0,0
0.57,75.94,22.1,0,0
1.3,27.67,34.48,0,0
10.03,168.98,33.08,0,2
13.78,197.81,35.54,0,2
1.87,35.32,24.58,0,0
0.2,87.83,42.22,0,1
18.46,69.04,24.48,0,3
1.87,71.31,23.27,0,0
13.3,162.1,34.41,0,2
1.15,195.32,31.19,0,1
1.67,61.8,33.11,0,0
7.22,204.47,35.53,0,2
10.05,39.2,29.54,0,1
10.38,178.88,37.04,0,2
11.21,215.88,33.32,0,2
0.48,83.31,26.95,0,0
9.1,223.68,30.84,0,2
0.63,94.22,42.99,0,1
0.13,175.05,32.22,0,1
23.45,332.26,21.12,0,4
34.95,339.58,22.9,0,4
2.56,52.92,28.96,0,0
42.62,465.83,27.15,0,4
26.36,71.07,20.94,0,3
8.36,207.12,35.93,0,2
0.87,44.94,41.4,0,1
1.49,184.06,30.37,0,1
1.28,96.37,24.79,0,0
29.79,351.65,27.09,0,4
11.33,163.79,34.98,0,2
0.25,161.28,26.69,0,1
0.22,53.82,25.71,0,0
2.82,76.56,30.56,0,0
10.89,201.04,37.06,0,2
0.87,23.85,22.14,0,0
0.07,72.95,23.45,0,0
1.26,37.89,32.62,0,0
1.22,178.81,25.16,0,1
0.92,64.01,34.09,0,0
2.99,22.31,23.15,0,0
12.24,193.83,32.29,0,2
13.69,239.19,35.08,0,2
12.76,223.91,37.95,0,2
0.0,59.47,43.31,0,1
8.88,239.43,32.29,0,2
10.76,34.97,25.12,0,1
11.05,166.64,37.73,0,2
10.84,72.47,26.1,0,1
0.47,21.18,24.99,0,0
1.4,97.39,34.26,0,0
11.53,235.78,31.14,0,2
1.66,84.18,30.11,0,0
0.0,401.27,23.24,0,3
0.15,57.77,27.93,0,0
0.34,34.61,24.65,0,0
36.32,325.15,26.2,0,4
7.39,199.84,33.23,0,2
0.46,28.62,29.8,0,0
0.18,96.39,22.51,0,0
13.55,163.03,37.73,0,2
0.29,27.42,41.72,0,1
0.54,20.95,33.4,0,0
13.02,229.47,37.56,0,2
2.7,59.63,24.16,0,0
9.29,163.72,30.63,0,2
2.48,41.44,31.96,0,0
1.18,25.83,33.23,0,0
44.86,427.85,23.93,0,4
0.63,51.48,31.13,0,0
8.55,202.83,34.73,0,2
27.06,92.46,22.73,0,3
2.69,51.47,29.82,0,0
0.43,22.38,32.38,0,0
0.92,85.83,41.31,0,1
8.54,89.94,33.81,0,1
0.09,218.61,31.54,0,1
10.57,225.99,36.67,0,2
2.31,63.17,31.91,0,0
0.2,116.4,27.46,1,3
0.39,201.59,26.12,0,1
1.82,172.43,30.65,0,1
1.68,208.16,27.96,0,1
0.0,400.98,27.59,0,3
0.0,97.04,42.63,0,1
7.85,78.2,25.6,0,1
10.61,229.42,35.28,0,2
8.2,173.83,31.69,0,2
2.71,80.82,26.74,0,0
17.6,128.8,23.25,0,3
12.48,185.16,31.71,0,2
2.29,86.44,31.09,0,0
0.79,51.15,33.89,0,0
3.4,67.6,33.6,1,3
0.39,66.48,32.46,0,0
10.81,211.1,32.07,0,2
0.15,47.32,42.04,0,1
21.73,212.64,27.39,1,4
0.92,82.53,33.48,0,0
2.34,43.24,28.61,0,0
2.14,76.09,23.3,0,0
1.45,80.8,32.71,0,0
8.51,188.51,31.98,0,2
10.21,87.33,30.27,0,1
40.49,455.49,23.26,0,4
1.31,59.82,25.25,0,0
37.15,454.3,27.86,0,4
1.51,89.36,25.5,0,0
0.4,98.15,25.51,0,0
10.15,179.25,37.31,0,2
0.22,211.2,34.32,0,1
13.92,163.62,32.65,0,2
2.35,90.69,27.81,0,0
0.0,344.66,23.48,0,3
0.0,117.01,42.36,0,1
13.13,193.02,37.78,0,2
0.64,59.99,27.19,0,0
0.07,78.24,34.13,0,0
0.2,77.95,33.27,0,0
0.67,43.65,33.81,0,0
1.96,21.32,25.66,0,0
0.19,25.25,27.42,0,0
1.08,75.85,42.82,0,1
13.62,179.56,32.73,0,2
16.91,67.69,25.18,0,3
18.22,35.12,26.21,0,3
1.07,98.08,27.32,0,0
2.07,83.85,25.63,0,0
0.0,342.08,21.66,0,3
0.51,79.42,33.8,0,0
2.47,51.19,27.81,0,0
9.15,22.18,25.7,0,1
3.36,88.98,32.73,1,3
12.24,178.75,31.23,0,2
10.38,221.17,31.17,0,2
21.57,92.52,32.06,1,4
1.56,16.15,28.82,0,0
2.78,57.6,23.3,0,0
0.14,60.13,23.59,0,0
0.09,97.18,41.73,0,1
11.67,164.56,32.13,0,2
13.39,222.29,34.64,0,2
2.85,49.31,23.95,0,0
2.85,81.12,24.81,0,0
2.88,35.47,28.01,0,0
6.7,72.54,26.46,0,1
1.41,66.03,34.46,0,0
11.14,177.17,31.22,0,2
1.04,25.54,41.36,0,1
1.66,180.71,27.07,0,1
26.77,245.27,28.55,1,4
2.81,79.02,32.85,0,0
1.94,34.78,22.15,0,0
2.77,33.3,29.61,0,0
22.32,219.45,27.37,1,4
1.7,82.16,25.37,0,0
1.42,26.41,31.72,0,0
9.54,66.42,32.21,0,1
1.35,97.12,30.69,0,0
1.65,52.81,42.61,0,1
0.4,79.26,23.49,0,0
12.07,212.98,36.55,0,2
8.94,82.6,34.76,0,1
2.94,35.9,34.41,0,0
0.0,414.91,21.3,0,3
9.97,226.97,36.19,0,2
1.4,17.34,27.58,0,0
8.63,224.8,30.43,0,2
0.08,38.8,28.07,0,0
2.99,99.96,28.76,0,0
6.07,89.51,33.19,0,1
0.86,191.95,32.17,0,1
0.23,88.62,32.75,0,0
1.44,188.59,27.57,0,1
0.27,184.89,31.26,0,1
0.93,23.03,26.98,0,0
1.21,65.57,42.4,0,1
8.33,34.38,34.32,0,1
8.73,172.05,30.39,0,2
2.2,68.51,34.58,0,0
2.36,25.24,29.31,0,0
1.4,35.55,42.97,0,1
0.0,316.46,20.56,0,3
0.59,59.08,24.38,0,0
44.53,450.86,20.2,0,4
8.99,39.18,31.36,0,1
10.49,183.71,34.06,0,2
2.16,53.39,33.68,0,0
23.0,174.12,29.63,1,4
0.56,57.87,27.48,0,0
8.31,83.05,29.18,0,1
2.84,74.42,32.92,0,0
8.0,29.55,31.3,0,1
0.22,59.74,22.32,0,0
2.69,112.49,28.74,1,3
7.47,38.49,33.09,0,1
1.72,47.49,41.57,0,1
0.88,216.04,33.54,0,1
30.59,446.25,22.81,0,4
1.19,96.53,27.5,0,0
1.71,83.91,22.29,0,0
1.47,74.19,41.89,0,1
10.0,194.77,35.16,0,2
12.93,220.11,35.36,0,2
1.13,204.32,30.31,0,1
0.52,218.19,25.81,0,1
0.0,413.15,24.59,0,3
8.55,181.64,34.07,0,2
1.01,48.94,41.57,0,1
0.0,337.98,25.05,0,3
0.87,97.28,29.59,0,0
0.83,83.94,33.52,0,0
10.02,221.17,37.5,0,2
2.59,87.15,26.76,0,0
1.7,38.14,23.89,0,0
29.49,181.4,30.92,1,4
1.83,40.07,27.87,0,0
1.72,174.22,25.3,0,1
7.97,71.33,25.38,0,1
0.43,34.53,26.97,0,0
1.46,184.36,28.83,0,1
19.29,102.01,20.41,0,3
7.51,90.83,25.25,0,1
0.4,95.7,22.07,0,0
0.68,38.72,29.28,0,0
22.49,145.72,27.92,1,4
0.0,129.46,41.01,0,1
1.91,23.71,25.33,0,0
1.19,97.69,30.78,0,0
0.66,67.4,31.27,0,0
2.57,95.19,29.98,0,0
1.56,37.23,41.97,0,1
2.82,24.5,34.27,0,0
9.4,76.33,29.99,0,1
40.35,348.47,27.53,0,4
1.3,23.28,23.27,0,0
20.44,64.7,20.8,0,3
17.36,147.25,30.15,1,4
9.34,238.43,35.88,0,2
9.85,73.85,31.79,0,1
8.28,45.26,30.03,0,1
1.79,195.43,33.56,0,1
20.12,234.63,32.54,1,4
0.96,37.85,42.79,0,1
0.66,49.77,24.87,0,0
17.2,210.89,25.33,1,4
0.52,174.77,30.86,0,1
21.15,104.22,30.95,1,4
0.0,366.16,25.2,0,3
0.53,90.32,33.65,0,0
0.91,85.53,24.65,0,0
0.0,363.27,23.48,0,3
2.43,16.74,26.38,0,0
0.39,29.62,28.42,0,0
1.56,76.85,33.6,0,0
0.25,42.23,29.1,0,0
2.15,62.27,31.73,0,0
1.2,83.64,25.47,0,0
0.04,62.2,33.07,0,0
1.84,86.86,28.42,0,0
2.99,20.51,24.74,0,0
0.0,117.47,41.62,0,1
1.61,218.45,31.78,0,1
26.04,224.26,32.22,1,4
0.0,99.51,42.72,0,1
8.2,224.81,32.93,0,2
0.57,36.49,24.31,0,0
2.99,60.71,29.84,0,0
0.13,41.38,32.01,0,0
1.31,74.48,41.45,0,1
2.87,86.99,24.14,0,0
1.98,178.48,28.16,0,1
1.11,40.2,29.86,0,0
0.93,15.4,22.08,0,0
22.32,60.05,22.7,0,3
7.86,65.0,32.0,0,1
2.04,96.81,28.42,0,0
0.7,45.27,28.87,0,0
30.74,367.38,21.72,0,4
1.0,81.91,31.72,0,0
2.98,97.78,33.93,0,0
12.0,20.44,26.4,0,1
2.29,78.83,32.11,0,0
12.85,221.83,33.87,0,2
11.18,189.32,36.69,0,2
8.21,161.95,32.53,0,2
0.52,87.69,22.44,0,0
0.19,91.4,42.3,0,1
2.48,45.74,24.93,0,0
1.79,21.93,22.76,0,0
0.17,185.0,26.73,0,1
0.48,92.41,42.29,0,1
2.02,84.7,25.56,0,0
0.59,68.83,30.63,0,0
2.03,70.97,22.46,0,0
1.38,219.6,30.16,0,1
36.14,422.89,27.91,0,4
1.19,54.2,33.2,0,0
2.32,28.34,27.33,0,0
2.85,30.11,27.45,0,0
2.76,68.02,34.51,0,0
0.52,47.3,30.08,0,0
2.14,29.04,29.81,0,0
1.52,63.42,22.78,0,0
21.06,439.87,21.83,0,4
12.37,163.85,35.56,0,2
0.0,67.63,42.83,0,1
7.16,203.67,32.39,0,2
10.28,226.73,33.18,0,2
3.76,95.8,32.54,1,3
1.48,26.38,24.64,0,0
8.38,30.61,31.46,0,1
0.0,322.69,25.75,0,3
2.89,89.44,29.74,0,0
2.35,59.23,29.95,0,0
9.91,160.62,32.91,0,2
1.1,85.64,26.32,0,0
0.18,75.93,24.8,0,0
1.76,98.6,27.33,0,0
0.11,81.93,25.4,0,0
8.98,162.39,33.99,0,2
20.48,81.6,24.64,0,3
1.24,77.67,22.04,0,0
17.87,166.48,28.12,1,4
17.07,216.69,32.39,1,4
1.78,60.22,28.85,0,0
1.97,98.53,42.1,0,1
1.68,67.93,26.05,0,0
0.55,186.17,33.48,0,1
2.06,18.83,27.59,0,0
2.82,82.27,23.8,0,0
0.24,78.46,24.49,0,0
0.0,329.43,25.67,0,3
2.19,65.26,32.78,0,0
0.7,63.19,33.45,0,0
0.0,91.67,42.04,0,1
0.52,44.74,30.93,0,0
0.29,214.5,25.71,0,1
0.95,34.56,25.78,0,0
7.67,188.18,34.89,0,2
0.13,57.38,33.7,0,0
1.22,15.86,31.53,0,0
2.1,44.62,22.58,0,0
1.98,80.31,30.26,0,0
8.65,237.22,31.82,0,2
0.75,97.62,22.84,0,0
7.74,221.86,32.22,0,2
7.34,186.77,33.72,0,2
0.54,29.35,28.26,0,0
2.93,90.39,24.92,0,0
2.84,40.46,27.5,0,0
9.41,232.2,34.71,0,2
9.06,35.98,29.13,0,1
7.94,206.44,37.72,0,2
0.13,68.81,22.61,0,0
0.15,29.51,33.11,0,0
9.39,231.77,35.32,0,2
0.2,77.11,26.88,0,0
0.86,15.66,31.65,0,0
1.56,16.37,30.16,0,0
1.89,22.64,25.46,0,0
1.94,24.23,30.02,0,0
2.83,50.39,23.65,0,0
0.99,90.77,23.87,0,0
9.92,224.23,36.99,0,2
21.17,83.08,31.44,1,4
0.89,65.22,42.93,0,1
2.83,106.59,33.7,1,3
2.11,37.33,25.29,0,0
25.26,93.2,28.8,1,4
6.7,64.13,26.32,0,1
29.53,31.97,22.84,0,3
1.78,25.4,42.38,0,1
1.64,81.51,42.64,0,1
0.42,91.08,34.44,0,0
1.34,77.98,28.43,0,0
0.57,16.93,29.64,0,0
2.58,98.54,27.95,0,0
1.75,63.78,23.73,0,0
0.02,185.56,30.27,0,1
10.14,182.3,34.83,0,2
0.7,92.38,28.98,0,0
2.01,83.26,31.86,0,0
1.55,202.49,30.71,0,1
8.18,161.59,37.45,0,2
43.75,351.47,27.61,0,4
2.72,78.82,33.77,0,0
0.12,70.17,41.12,0,1
0.62,51.3,29.77,0,0
0.0,113.86,42.6,0,1
10.74,92.85,26.04,0,1
33.8,349.43,25.02,0,4
0.56,68.77,27.23,0,0
1.97,88.64,30.82,0,0
0.94,212.5,28.33,0,1
0.37,53.27,27.15,0,0
0.0,83.21,42.65,0,1
0.0,407.48,21.91,0,3
2.62,94.0,32.89,0,0
1.96,53.35,32.5,0,0
2.76,43.51,26.2,0,0
0.02,41.58,23.93,0,0
12.3,226.23,30.04,0,2
0.02,58.16,33.82,0,0
2.62,95.54,25.09,0,0
2.22,64.22,26.51,0,0
0.24,89.04,25.15,0,0
2.34,56.23,31.92,0,0
26.7,82.78,21.36,0,3
1.73,41.89,32.16,0,0
0.34,81.52,31.08,0,0
2.94,49.27,30.85,0,0
2.64,92.44,28.76,1,3
0.0,406.2,27.99,0,3
8.13,175.25,34.38,0,2
1.81,213.62,31.61,0,1
11.35,222.33,32.81,0,2
9.58,89.19,29.27,0,1
1.97,83.75,42.19,0,1
1.19,202.43,33.71,0,1
7.94,187.85,31.19,0,2
8.87,169.88,30.77,0,2
0.74,81.5,25.09,0,0
2.64,52.6,28.61,0,0
0.25,77.95,26.34,0,0
1.29,18.83,31.22,0,0
0.16,50.67,29.63,0,0
7.5,186.79,32.15,0,2
9.59,210.23,33.92,0,2
7.74,57.66,27.96,0,1
11.61,94.99,27.56,0,1
0.85,82.7,33.32,0,0
0.99,74.09,41.48,0,1
10.5,92.02,33.14,0,1
0.35,51.61,26.53,0,0
7.48,235.44,37.66,0,2
1.3,91.43,24.43,0,0
11.98,178.69,30.05,0,2
11.32,211.98,31.25,0,2
0.52,174.67,27.97,0,1
1.08,95.54,41.69,0,1
0.8,72.77,26.73,0,0
8.02,181.1,31.65,0,2
7.63,180.16,34.06,0,2
0.03,73.75,29.98,0,0
0.15,33.65,33.78,0,0
12.64,220.76,37.86,0,2
28.29,124.93,25.45,1,4
0.3,24.8,28.02,0,0
1.69,52.94,41.64,0,1
10.59,71.44,28.91,0,1
0.3,50.24,32.22,0,0
0.53,86.62,29.38,0,0
9.25,199.1,36.09,0,2
0.0,89.38,43.36,0,1
1.9,174.37,30.62,0,1
2.76,93.88,26.74,0,0
2.31,37.29,31.11,0,0
0.0,56.34,44.49,0,1
0.0,334.93,22.26,0,3
0.0,409.87,20.91,0,3
1.4,53.24,34.27,0,0
0.72,52.82,27.15,0,0
1.65,97.33,41.66,0,1
0.59,49.03,22.68,0,0
0.32,38.44,41.24,0,1
22.58,238.08,25.96,1,4
2.15,40.0,31.95,0,0
2.39,61.88,23.07,0,0
1.0,83.86,30.12,0,0
9.61,215.34,30.52,0,2
0.86,80.76,28.94,0,0
2.69,57.28,29.97,0,0
21.77,218.63,33.52,1,4
1.03,92.66,27.16,0,0
9.64,218.5,31.39,0,2
2.4,51.76,29.45,1,3
2.62,16.08,33.35,0,0
25.35,345.09,27.85,0,4
2.34,47.22,34.34,0,0
1.69,28.13,42.87,0,1
10.08,187.1,31.18,0,2
1.27,86.66,28.91,0,0
1.95,60.56,42.7,0,1
2.66,21.94,22.3,0,0
7.75,229.26,34.97,0,2
0.83,21.96,30.93,0,0
17.93,86.69,27.55,0,3
11.22,184.74,34.85,0,2
16.29,78.65,24.61,0,3
0.53,82.22,25.28,0,0
12.24,192.59,30.51,0,2
1.48,21.07,31.44,0,0
2.05,49.69,30.17,0,0
0.0,67.01,43.05,0,1
1.69,16.55,29.25,0,0
0.11,82.11,42.54,0,1
1.37,65.57,33.17,0,0
26.17,235.0,34.23,1,4
2.98,37.73,22.24,0,0
26.87,344.56,25.91,0,4
10.8,188.38,36.58,0,2
1.3,70.55,32.68,0,0
0.62,178.25,28.21,0,1
0.0,327.55,20.85,0,3
11.89,95.53,31.28,0,1
0.57,51.91,34.47,0,0
2.37,31.25,28.6,0,0
11.85,222.06,36.51,0,2
1.09,84.34,22.5,0,0
1.77,84.34,41.04,0,1
0.0,78.61,43.37,0,1
2.0,98.65,22.86,0,0
8.98,166.63,30.63,0,2
1.62,70.02,29.38,0,0
18.94,107.48,26.18,0,3
13.33,171.27,32.07,0,2
2.35,59.31,25.28,0,0
2.68,73.83,28.87,0,0
44.77,381.07,26.57,0,4
0.57,33.79,26.33,0,0
3.6,87.37,31.07,1,3
0.0,387.74,26.06,0,3
6.06,44.87,29.04,0,1
9.15,185.88,33.2,0,2
29.17,109.19,34.32,1,4
8.19,191.01,30.83,0,2
0.11,182.46,31.42,0,1
20.75,90.12,22.35,0,3
2.42,48.28,31.11,0,0
1.2,61.91,25.47,0,0
2.28,28.73,28.51,0,0
1.23,46.91,30.52,0,0
10.5,173.33,36.95,0,2
1.74,59.82,25.73,0,0
33.94,375.89,24.58,0,4
0.17,172.04,26.64,0,1
2.49,92.04,30.13,0,0
29.63,105.58,21.24,0,3
0.11,185.07,34.46,0,1
16.28,103.06,24.89,0,3
1.89,41.24,25.16,0,0
12.66,210.06,36.27,0,2
0.22,66.42,25.33,0,0
9.51,213.65,34.42,0,2
0.0,387.52,20.85,0,3
0.63,35.38,28.4,0,0
7.59,86.34,27.0,0,1
0.29,64.98,34.25,0,0
0.06,50.91,31.73,0,0
29.19,211.87,29.04,1,4
0.65,60.77,28.27,0,0
0.21,45.8,42.31,0,1
20.62,144.52,27.39,1,4
0.33,17.9,27.43,0,0
21.89,167.37,31.98,1,4
7.62,199.01,31.29,0,2
11.6,217.84,30.6,0,2
1.04,208.07,33.54,0,1
2.22,97.09,30.09,0,0
0.0,118.7,43.26,0,1
2.96,62.83,28.29,0,0
41.63,353.35,27.29,0,4
28.59,56.17,21.93,0,3
1.26,24.44,25.01,0,0
0.0,108.31,44.16,0,1
0.13,99.57,26.07,0,0
2.95,62.85,23.94,0,0
1.88,78.44,25.03,1,3
1.42,78.41,32.99,1,3
2.02,98.74,27.19,0,0
0.57,203.11,27.03,0,1
2.4,30.0,31.51,0,0
0.0,339.96,23.09,0,3
8.87,224.06,30.73,0,2
0.81,215.09,31.84,0,1
2.76,76.23,28.4,0,0
1.44,216.72,28.34,0,1
13.7,167.83,34.23,0,2
2.48,39.39,26.33,0,0
12.52,192.0,35.32,0,2
19.59,481.77,24.66,0,4
10.28,178.66,37.96,0,2
16.12,85.14,32.46,1,4
1.87,96.71,41.88,0,1
0.2,197.28,30.28,0,1
9.46,171.51,31.89,0,2
10.35,203.27,32.58,0,2
16.31,82.3,24.39,0,3
2.01,25.7,28.43,0,0
0.12,33.05,28.03,0,0
8.86,214.81,36.9,0,2
1.57,49.8,22.36,0,0
1.13,67.86,33.26,0,0
9.49,195.91,37.1,0,2
1.2,198.66,29.82,0,1
28.92,77.33,24.25,0,3
2.7,37.29,34.72,0,0
0.76,56.19,30.59,0,0
1.06,60.91,34.46,0,0
23.54,401.6,22.54,0,4
1.69,38.67,30.66,0,0
0.25,90.39,28.21,0,0
38.53,381.88,25.49,0,4
0.49,174.29,30.43,0,1
1.54,93.81,41.48,0,1
10.66,92.36,26.22,0,1
2.55,57.58,30.77,0,0
1.24,40.47,29.32,0,0
2.15,61.7,33.02,0,0
20.07,141.69,27.66,1,4
13.88,218.77,30.59,0,2
9.64,62.48,30.91,0,1
6.72,20.67,25.02,0,1
18.56,89.7,31.12,1,4
1.05,89.83,41.14,0,1
11.61,60.61,27.58,0,1
12.26,236.05,30.59,0,2
0.62,206.07,26.94,0,1
2.3,55.57,23.77,0,0
0.0,380.94,28.73,0,3
1.49,202.92,25.03,0,1
0.08,29.36,22.94,0,0
1.62,71.92,33.94,0,0
7.22,197.5,35.41,0,2
1.11,83.24,22.61,0,0
6.07,77.27,29.17,0,1
10.55,166.71,37.86,0,2
0.48,50.73,34.28,0,0
1.71,59.32,26.29,0,0
10.51,206.26,31.68,0,2
19.17,207.32,27.07,1,4
20.66,214.29,32.17,1,4
0.0,109.84,43.17,0,1
0.7,37.48,41.67,0,1
0.39,45.94,23.91,0,0
9.26,77.66,29.94,0,1
1.22,105.39,28.14,1,3
2.37,37.15,28.22,0,0
0.52,32.8,28.03,0,0
0.0,348.25,23.95,0,3
21.65,119.94,20.2,0,3
10.18,91.58,32.47,0,1
2.87,31.16,28.43,0,0
1.04,81.61,25.78,0,0
0.62,167.28,30.34,0,1
26.61,107.45,30.33,1,4
7.81,234.44,32.27,0,2
12.55,187.87,34.4,0,2
1.42,57.21,41.67,0,1
18.85,100.01,22.3,0,3
28.5,234.76,27.73,1,4
2.56,56.72,25.74,0,0
28.81,451.33,25.55,0,4
11.24,170.4,33.12,0,2
3.18,98.95,26.29,1,3
18.63,128.24,26.23,1,4
1.33,37.32,25.33,0,0
1.49,77.32,30.54,0,0
23.08,418.63,24.26,0,4
1.4,173.0,29.51,0,1
0.7,28.13,29.95,0,0
2.11,91.05,26.47,0,0
1.77,71.63,29.08,0,0
12.66,239.2,33.14,0,2
6.22,62.51,33.75,0,1
7.07,50.99,28.31,0,1
26.43,172.82,29.7,1,4
12.13,186.6,30.02,0,2
1.6,59.72,26.94,0,0
33.54,418.77,27.46,0,4
26.23,376.81,26.69,0,4
10.47,195.55,33.02,0,2
2.76,39.78,32.94,0,0
7.8,185.06,33.88,0,2
1.21,39.01,30.26,0,0
1.04,38.08,32.42,0,0
0.54,211.41,29.15,0,1
9.06,55.59,25.92,0,1
12.68,188.49,36.07,0,2
8.46,98.53,25.11,0,1
6.45,90.05,31.72,0,1
2.3,68.5,34.82,0,0
0.61,95.11,42.42,0,1
0.85,16.49,25.83,0,0
12.32,224.33,37.28,0,2
2.59,76.85,28.99,0,0
26.37,119.18,32.08,1,4
0.31,19.69,32.53,0,0
1.81,27.28,27.75,0,0
2.58,60.88,33.58,0,0
1.45,24.37,41.68,0,1
20.09,93.16,20.98,0,3
1.29,30.52,25.35,0,0
8.96,210.98,33.96,0,2
12.26,175.8,37.55,0,2
0.0,327.42,27.03,0,3
7.63,234.53,32.04,0,2
0.0,334.63,21.17,0,3
3.23,63.76,31.22,1,3
1.5,205.5,34.22,0,1
0.0,349.49,28.83,0,3
3.0,32.01,25.17,0,0
8.13,231.1,30.88,0,2
32.64,424.09,24.51,0,4
2.7,15.32,31.71,0,0
0.57,52.07,24.57,0,0
20.12,124.76,22.26,0,3
28.63,35.91,22.29,0,3
0.36,15.54,27.23,0,0
11.51,212.08,37.1,0,2
37.64,399.78,24.52,0,4
2.74,62.44,26.11,0,0
1.98,64.67,24.44,0,0
2.03,40.3,28.62,0,0
0.22,48.0,31.52,0,0
2.26,71.91,28.6,0,0
18.63,197.05,30.24,1,4
28.54,206.15,26.28,1,4
8.77,175.1,36.07,0,2
44.32,444.48,27.47,0,4
0.0,117.83,42.77,0,1
6.93,82.42,29.71,0,1
1.9,32.8,28.35,0,0
2.28,42.27,27.74,0,0
11.62,191.98,30.57,0,2
18.02,216.66,33.28,1,4
1.48,73.49,27.29,0,0
0.0,389.79,29.01,0,3
0.84,213.58,28.2,0,1
11.33,46.12,27.34,0,1
0.86,21.99,23.73,0,0
0.02,19.01,31.08,0,0
0.89,43.79,41.31,0,1
1.04,17.16,22.84,0,0
11.38,167.95,33.46,0,2
1.05,36.49,41.44,0,1
0.04,90.59,25.49,0,0
1.27,84.33,27.17,0,0
1.63,63.82,31.87,0,0
11.94,160.36,30.02,0,2
27.97,189.42,29.35,1,4
0.84,78.62,27.57,0,0
2.44,37.58,22.84,0,0
1.73,181.51,34.27,0,1
13.21,167.11,30.32,0,2
2.48,49.73,33.5,0,0
0.12,79.71,30.14,0,0
2.54,85.05,26.22,0,0
29.0,60.28,25.56,0,3
8.4,181.21,32.49,0,2
2.56,79.38,32.5,0,0
0.0,349.45,21.47,0,3
0.0,331.32,24.3,0,3
0.86,39.1,31.89,0,0
0.94,162.33,28.54,0,1
2.47,77.5,33.66,0,0
1.6,16.72,32.73,0,0
0.21,42.6,25.73,0,0
7.89,204.46,36.35,0,2
13.55,160.05,32.83,0,2
0.1,84.47,30.96,0,0
8.99,91.57,28.01,0,1
7.72,225.32,37.37,0,2
0.76,161.76,31.83,0,1
1.7,65.79,29.6,0,0
0.23,92.16,29.04,0,0
2.32,93.34,27.25,0,0
2.08,92.14,34.75,0,0
0.0,68.76,42.75,0,1
2.29,41.45,26.04,0,0
22.04,369.27,25.06,0,4
11.3,237.26,34.91,0,2
1.47,86.08,26.24,0,0
12.5,234.72,33.21,0,2
1.52,99.46,33.73,0,0
0.59,55.54,24.16,0,0
7.26,177.98,30.15,0,2
0.16,72.25,29.41,0,0
0.62,39.75,32.38,0,0
0.37,58.18,33.24,0,0
0.32,56.79,31.52,0,0
0.08,44.05,42.84,0,1
1.84,92.13,28.35,0,0
0.42,98.35,24.3,0,0
1.89,197.99,26.05,0,1
10.7,99.8,32.63,0,1
11.9,193.86,32.52,0,2
1.11,33.79,42.46,0,1
0.34,209.5,34.07,0,1
26.68,55.85,25.72,0,3
0.89,22.9,27.87,0,0
1.08,98.4,25.17,0,0
10.13,186.78,31.63,0,2
8.04,97.27,31.39,0,1
0.63,57.37,41.6,0,1
26.25,99.92,25.7,1,4
1.05,79.32,42.76,0,1
0.7,83.25,42.54,0,1
18.84,117.55,26.25,0,3
1.1,61.08,27.91,0,0
2.16,19.63,28.13,0,0
0.25,54.52,24.23,0,0
1.52,97.77,30.9,0,0
1.15,49.52,24.0,0,0
0.45,59.34,30.76,0,0
0.25,219.19,29.67,0,1
2.83,54.83,26.52,0,0
0.8,98.23,25.95,0,0
24.87,433.65,20.21,0,4
25.76,120.76,33.35,1,4
0.0,332.97,22.71,0,3
1.59,89.71,34.0,0,0
27.03,347.33,23.19,0,4
0.96,46.75,25.32,0,0
1.57,88.53,26.36,0,0
0.86,88.26,28.86,0,0
2.13,28.12,22.78,0,0
0.5,66.42,28.3,0,0
10.58,193.52,34.21,0,2
0.11,72.86,34.51,0,0
1.27,18.89,33.57,0,0
29.55,177.48,26.76,1,4
11.14,194.92,31.18,0,2
10.11,206.29,32.52,0,2
1.08,87.43,24.07,0,0
0.17,62.61,41.65,0,1
1.35,25.63,24.35,0,0
9.31,54.15,28.65,0,1
0.76,29.99,33.07,0,0
8.6,48.71,33.74,0,1
1.6,32.87,26.79,0,0
0.11,50.4,32.26,0,0
28.01,96.61,32.04,1,4
2.2,69.63,30.98,0,0
1.6,185.2,32.41,0,1
9.1,89.26,33.55,0,1
1.29,91.48,41.01,0,1
2.7,72.41,28.1,0,0
2.69,85.7,22.16,0,0
1.54,24.74,25.57,0,0
0.0,64.8,42.1,0,1
17.68,93.02,25.97,0,3
3.9,84.25,34.37,1,3
0.97,45.8,33.5,0,0
2.01,54.94,34.24,0,0
1.29,25.59,29.52,0,0
0.18,87.24,26.88,0,0
6.11,42.61,34.4,0,1
1.08,18.75,25.29,0,0
2.15,57.99,24.09,0,0
11.28,181.48,31.79,0,2
30.37,330.54,24.25,0,4
12.19,201.81,36.5,0,2
8.36,192.13,31.14,0,2
2.14,60.09,29.81,0,0
8.94,192.11,34.85,0,2
2.5,44.19,30.56,0,0
21.53,126.5,25.48,1,4
0.59,33.82,42.43,0,1
1.8,50.52,26.34,0,0
1.74,164.38,25.3,0,1
0.52,78.22,26.59,0,0
1.08,33.66,25.9,0,0
0.47,79.09,41.75,0,1
0.75,21.75,34.13,0,0
0.87,193.98,30.1,0,1
0.98,202.97,31.81,0,1
36.29,449.91,27.43,0,4
11.85,212.46,32.07,0,2
23.06,179.25,28.25,1,4
0.04,15.18,33.79,0,0
0.1,32.48,31.66,0,0
11.53,206.0,31.61,0,2
1.43,64.51,24.58,0,0
9.16,212.82,34.11,0,2
8.67,89.46,29.76,0,1
9.77,216.04,31.86,0,2
3.29,73.52,29.51,1,3
28.22,100.16,31.42,1,4
0.56,30.68,33.32,0,0
20.56,53.72,26.79,0,3
2.47,27.73,33.85,0,0
8.72,53.46,26.82,0,1
3.34,58.49,25.41,1,3
0.69,15.62,27.57,0,0
11.97,210.94,32.37,0,2
11.04,228.89,33.82,0,2
1.9,27.82,34.52,0,0
12.29,214.34,30.78,0,2
1.78,35.11,42.92,0,1
8.38,197.04,35.59,0,2
2.34,95.55,23.06,0,0
0.0,414.37,23.67,0,3
8.16,196.83,36.97,0,2
0.32,59.43,27.71,0,0
2.72,66.14,26.51,0,0
19.55,160.43,34.01,1,4
1.27,36.82,24.81,0,0
2.21,22.71,28.91,0,0
2.95,75.3,30.2,0,0
1.58,57.8,26.66,0,0
1.1,66.77,28.34,0,0
9.29,22.89,26.5,0,1
1.9,63.22,32.37,0,0
0.48,66.12,41.96,0,1
1.92,87.91,26.39,0,0
0.3,200.13,31.91,0,1
0.95,22.42,30.86,0,0
0.79,21.66,28.29,0,0
2.54,17.24,22.8,0,0
11.35,26.69,27.88,0,1
1.06,186.87,30.88,0,1
25.49,327.43,24.44,0,4
7.07,201.98,37.06,0,2
0.95,216.59,28.75,0,1
1.55,64.8,28.99,0,0
0.0,68.01,42.57,0,1
13.31,169.77,30.07,0,2
2.97,80.31,29.99,0,0
1.25,75.8,33.65,0,0
3.0,26.88,27.03,0,0
0.0,99.19,44.3,0,1
0.0,335.82,26.94,0,3
9.07,84.89,34.02,0,1
12.21,206.98,33.77,0,2
27.86,394.58,24.17,0,4
2.0,70.19,34.54,0,0
0.09,26.32,27.49,0,0
0.65,88.9,26.21,0,0
2.05,43.9,29.21,0,0
1.43,86.73,42.57,0,1
2.8,91.41,25.47,0,0
2.68,78.31,26.04,0,0
0.97,88.21,25.12,0,0
12.84,190.99,30.49,0,2
7.14,226.47,32.89,0,2
3.24,92.99,33.8,1,3
2.72,20.71,25.74,0,0
0.44,29.59,28.24,0,0
13.29,205.35,31.26,0,2
1.48,80.06,30.06,0,0
0.82,193.02,30.98,0,1
0.6,95.73,28.61,0,0
9.16,206.83,32.85,0,2
1.23,54.09,26.3,0,0
1.87,47.36,24.62,0,0
12.07,230.95,34.44,0,2
2.59,38.83,30.52,0,0
1.89,86.47,29.02,0,0
1.5,200.39,25.57,0,1
1.08,71.02,41.64,0,1
0.83,43.6,28.24,0,0
1.56,31.67,24.39,0,0
1.42,44.05,29.5,0,0
0.53,88.34,24.61,0,0
22.5,130.4,33.87,1,4
1.77,85.35,24.98,0,0
1.48,73.11,31.35,0,0
0.24,49.27,23.59,0,0
0.91,81.06,31.99,0,0
1.37,72.03,41.06,0,1
0.14,117.54,32.44,1,3
11.3,180.62,37.09,0,2
20.7,424.25,22.88,0,4
1.18,82.2,42.97,0,1
0.47,46.1,22.25,0,0
2.74,31.52,28.21,0,0
1.76,183.48,32.62,0,1
2.59,46.91,24.42,0,0
0.25,162.81,34.68,0,1
2.33,93.21,24.65,0,0
0.0,68.45,42.01,0,1
1.3,34.83,28.73,0,0
1.27,25.99,24.13,0,0
1.86,45.85,41.66,0,1
21.11,70.6,25.32,0,3
1.13,82.82,32.33,0,0
0.36,188.39,27.74,0,1
11.4,190.21,34.28,0,2
0.44,81.37,33.68,0,0
21.6,157.72,34.29,1,4
2.41,16.52,33.38,0,0
9.92,77.14,26.37,0,1
8.69,28.0,29.5,0,1
2.2,91.46,24.2,0,0
8.02,194.7,35.0,0,2
0.77,176.88,32.29,0,1
9.3,209.84,31.43,0,2
8.97,173.68,37.52,0,2
1.93,83.78,30.92,0,0
0.35,26.04,42.78,0,1
8.54,217.96,35.76,0,2
13.25,172.16,37.65,0,2
44.26,388.0,21.54,0,4
0.92,46.88,42.48,0,1
13.78,203.94,37.74,0,2
2.59,44.83,32.53,0,0
30.9,369.15,22.07,0,4
0.99,73.3,22.76,0,0
0.33,49.38,23.21,0,0
13.5,175.39,32.0,0,2
0.56,41.48,25.66,0,0
1.57,76.84,33.5,0,0
1.29,181.37,29.65,0,1
2.88,74.67,27.1,0,0
0.53,55.61,28.08,0,0
2.56,98.23,26.61,0,0
2.31,53.23,24.83,0,0
0.84,15.11,34.24,0,0
0.25,29.02,26.2,0,0
0.66,167.97,30.39,0,1
2.04,17.76,28.64,0,0
2.85,75.4,31.82,0,0
11.66,171.04,37.98,0,2
13.28,200.3,32.29,0,2
1.2,16.36,30.77,0,0
7.29,179.68,35.32,0,2
2.8,24.57,34.07,0,0
0.27,92.38,34.36,1,3
1.18,64.99,23.21,0,0
22.68,400.9,26.76,0,4
1.39,180.73,28.24,0,1
2.33,41.21,22.18,0,0
0.83,92.27,28.21,0,0
2.94,35.97,31.92,0,0
0.86,52.18,41.64,0,1
0.0,348.97,22.76,0,3
0.36,20.54,29.04,0,0
1.72,37.06,42.58,0,1
0.39,205.34,26.93,0,1
2.98,53.06,24.21,0,0
0.0,399.37,26.91,0,3
1.33,43.09,41.09,0,1
8.79,182.44,33.6,0,2
13.47,177.3,37.06,0,2
6.4,79.06,33.5,0,1
8.94,178.07,34.52,0,2
1.14,68.44,25.7,0,0
1.08,54.14,30.77,0,0
11.66,162.09,37.17,0,2
9.63,22.93,27.11,0,1
0.98,81.08,33.8,0,0
0.77,17.16,33.2,0,0
2.31,17.83,27.18,0,0
0.99,63.47,27.09,0,0
0.57,50.23,31.63,0,0
2.57,29.12,33.01,0,0
6.24,50.42,29.61,0,1
3.83,115.08,27.74,1,3
2.22,94.95,23.73,0,0
2.51,56.82,32.95,0,0
2.33,48.12,31.01,0,0
2.08,74.68,27.45,0,0
18.24,135.99,26.33,1,4
9.81,238.9,35.23,0,2
29.88,97.92,21.34,0,3
2.77,89.86,26.1,0,0
23.36,249.56,33.7,1,4
0.89,67.17,29.75,1,3
7.84,213.4,30.79,0,2
0.12,61.29,27.67,0,0
1.58,57.66,28.16,0,0
2.69,67.7,23.65,0,0
2.29,80.99,31.43,0,0
11.19,183.1,32.86,0,2
0.6,164.95,30.63,0,1
9.26,51.72,25.05,0,1
1.84,93.74,42.61,0,1
0.44,62.88,31.46,0,0
2.52,119.13,33.62,1,3
12.82,239.99,34.05,0,2
12.69,195.54,37.64,0,2
0.73,72.55,23.05,0,0
2.91,38.94,22.43,0,0
1.32,200.25,28.21,0,1
29.52,229.13,32.4,1,4
11.69,169.44,30.94,0,2
1.4,203.87,30.15,0,1
10.7,167.79,36.81,0,2
0.0,331.87,21.3,0,3
0.98,73.54,33.88,0,0
1.59,54.85,23.41,0,0
10.64,233.38,36.68,0,2
0.94,60.64,23.63,0,0
2.46,28.01,29.1,0,0
0.6,97.43,32.73,0,0
2.36,15.55,25.61,0,0
1.27,69.22,24.23,0,0
1.18,68.62,26.04,0,0
0.88,26.09,42.09,0,1
0.61,63.43,41.11,0,1
12.57,237.71,36.69,0,2
1.67,65.31,22.74,0,0
0.98,78.28,25.71,0,0
0.0,417.71,26.96,0,3
1.95,170.56,33.6,0,1
11.98,226.86,31.09,0,2
12.43,238.77,35.98,0,2
18.58,379.0,26.91,0,4
8.47,197.32,30.7,0,2
0.08,69.11,41.47,0,1
16.58,241.75,27.37,1,4
1.93,51.43,27.51,0,0
2.98,39.17,23.43,0,0
12.27,162.03,32.15,0,2
2.37,30.62,25.06,0,0
19.97,238.29,33.28,1,4
0.0,363.68,27.72,0,3
1.46,25.14,32.95,0,0
0.0,392.47,25.62,0,3
11.4,24.08,26.07,0,1
9.64,182.53,31.43,0,2
1.09,99.49,41.4,0,1
6.75,46.0,26.06,0,1
26.82,244.99,33.38,1,4
0.69,80.28,32.1,0,0
0.02,49.12,31.03,0,0
17.0,96.24,21.18,0,3
0.85,54.6,34.39,0,0
0.84,29.35,27.1,0,0
0.41,87.88,22.68,0,0
8.42,160.94,36.36,0,2
9.34,166.35,32.89,0,2
2.8,60.02,34.53,0,0
1.67,31.16,32.51,0,0
2.09,48.29,29.52,0,0
7.76,86.72,25.37,0,1
0.95,21.62,27.14,0,0
8.49,220.36,34.23,0,2
1.11,24.89,25.25,0,0
13.04,181.25,34.71,0,2
0.23,96.97,33.65,0,0
2.47,23.71,32.77,0,0
0.0,348.28,25.27,0,3
0.73,46.12,26.16,0,0
0.15,50.76,22.97,0,0
1.42,32.85,23.03,0,0
1.35,92.83,23.66,0,0
0.19,218.9,29.41,0,1
0.27,78.2,31.36,0,0
0.7,16.4,33.57,0,0
2.78,63.55,27.53,0,0
0.28,28.49,23.37,0,0
0.46,71.43,25.86,0,0
7.95,176.73,36.3,0,2
11.76,81.0,30.53,0,1
0.28,45.45,26.2,0,0
2.35,50.3,33.56,0,0
0.95,38.72,33.25,0,0
0.71,216.59,30.51,0,1
0.17,35.03,30.08,0,0
2.55,68.5,25.91,0,0
1.13,41.71,30.19,0,0
0.88,22.25,26.89,0,0
0.05,69.91,24.11,0,0
0.2,31.93,31.37,0,0
2.18,65.75,28.68,0,0
0.0,324.14,21.85,0,3
16.67,127.27,29.93,1,4
2.04,42.32,26.7,0,0
0.08,52.07,42.63,0,1
0.06,25.09,30.93,0,0
7.34,231.0,35.02,0,2
6.29,79.26,26.36,0,1
0.95,44.67,28.05,0,0
8.29,85.27,27.12,0,1
2.37,62.54,29.23,0,0
0.7,194.38,27.48,0,1
0.19,201.04,31.89,0,1
1.6,35.81,42.3,0,1
8.36,218.15,35.76,0,2
0.95,95.0,22.92,0,0
1.74,97.34,25.34,0,0
0.0,367.92,21.73,0,3
0.29,54.02,29.73,0,0
0.59,80.97,42.45,0,1
2.79,94.16,27.15,0,0
2.46,57.08,32.39,0,0
0.75,22.74,27.9,0,0
0.0,87.03,42.24,0,1
10.6,65.66,34.31,0,1
1.2,97.82,23.84,0,0
1.46,59.5,29.13,0,0
2.78,74.8,25.36,0,0
2.64,47.33,29.23,0,0
0.76,50.41,30.53,0,0
2.85,33.72,32.13,0,0
2.5,93.46,24.43,0,0
11.27,87.29,29.17,0,1
0.0,332.42,23.07,0,3
0.47,41.35,33.79,0,0
0.82,47.69,34.48,0,0
8.41,220.2,36.13,0,2
43.47,379.98,24.68,0,4
0.0,58.52,42.29,0,1
0.91,182.15,34.71,0,1
0.0,116.56,41.6,0,1
0.19,78.53,27.82,0,0
0.0,144.91,44.41,0,1
20.09,35.16,25.02,0,3
0.0,415.17,29.21,0,3
2.27,89.53,26.33,0,0
2.25,22.72,34.23,0,0
1.37,98.54,34.85,0,0
12.87,237.37,37.42,0,2
0.26,20.85,42.83,0,1
2.27,90.18,29.78,0,0
0.12,43.66,26.18,0,0
1.42,212.2,25.47,0,1
0.02,80.6,42.36,0,1
1.08,39.11,42.51,0,1
12.98,236.33,35.98,0,2
0.06,77.89,22.73,0,0
0.41,97.36,26.11,0,0
2.85,66.74,22.47,0,0
29.71,74.85,27.39,0,3
12.16,175.22,32.95,0,2
11.59,229.01,31.68,0,2
7.28,183.98,35.04,0,2
24.43,422.08,21.47,0,4
1.46,63.79,42.63,0,1
11.94,44.31,34.64,0,1
2.56,73.61,26.64,0,0
23.01,183.58,28.12,1,4
2.35,50.59,30.44,0,0
10.83,174.28,34.93,0,2
2.46,31.42,25.78,0,0
2.22,76.26,26.38,0,0
11.38,42.02,33.18,0,1
0.14,34.95,31.65,0,0
9.17,210.68,35.32,0,2
1.07,215.02,29.63,0,1
0.59,190.15,33.16,0,1
1.32,96.37,25.69,0,0
1.39,208.85,32.57,0,1
0.66,175.1,33.93,0,1
1.22,95.7,23.04,0,0
21.63,328.96,22.64,0,4
11.68,64.02,27.17,0,1
0.63,49.7,42.12,0,1
1.11,62.48,27.6,0,0
8.3,172.31,32.46,0,2
0.71,22.39,27.23,0,0
9.01,160.3,34.46,0,2
9.74,183.76,33.93,0,2
1.93,77.33,31.16,0,0
2.53,95.48,25.86,0,0
2.11,75.2,28.64,0,0
18.32,150.09,28.03,1,4
0.0,364.1,25.89,0,3
1.9,56.62,24.91,0,0
0.47,66.03,30.56,0,0
11.47,52.88,32.68,0,1
1.41,59.33,32.01,0,0
1.74,179.81,30.3,0,1
1.3,72.92,31.85,0,0
0.0,378.11,23.17,0,3
16.77,244.3,28.78,1,4
1.54,214.64,26.22,0,1
10.74,182.82,37.37,0,2
0.82,90.33,28.25,0,0
10.52,65.88,30.61,0,1
12.19,186.76,30.84,0,2
8.56,223.3,34.94,0,2
2.56,73.75,29.09,0,0
2.96,86.28,23.78,0,0
0.0,413.81,24.83,0,3
11.62,231.27,32.13,0,2
2.74,64.77,22.93,0,0
0.71,99.47,24.91,0,0
0.0,387.32,26.04,0,3
1.57,67.63,34.21,0,0
7.95,181.62,33.23,0,2
1.67,92.1,25.98,0,0
27.12,85.38,31.12,1,4
0.0,53.24,42.86,0,1
13.05,185.95,34.4,0,2
0.0,403.24,29.3,0,3
44.72,448.78,26.78,0,4
2.71,16.2,33.21,0,0
1.87,39.91,23.76,0,0
1.42,93.17,27.06,0,0
0.07,32.84,22.68,0,0
1.15,97.63,25.98,0,0
0.15,67.8,42.73,0,1
6.45,54.43,30.41,0,1
10.56,21.55,25.64,0,1
18.18,48.23,20.01,0,3
29.35,96.24,29.23,1,4
0.19,26.39,41.14,0,1
36.39,437.41,20.6,0,4
11.62,192.6,34.57,0,2
8.83,235.2,31.1,0,2
24.98,68.81,20.2,0,3
1.98,40.52,26.45,0,0
9.67,72.72,34.15,0,1
0.06,31.31,42.44,0,1
1.96,65.72,41.23,0,1
1.68,18.18,26.74,0,0
21.72,96.74,25.99,1,4
0.17,63.59,28.42,0,0
8.3,207.43,31.4,0,2
9.15,209.15,37.06,0,2
11.32,48.69,32.3,0,1
0.89,69.57,24.03,0,0
27.25,95.74,24.29,0,3
1.14,177.65,30.28,0,1
22.55,118.32,22.76,0,3
0.77,53.62,28.94,0,0
2.48,92.79,28.33,0,0
1.26,30.41,25.69,0,0
0.0,79.62,41.39,0,1
2.32,43.22,30.97,0,0
12.72,229.87,34.78,0,2
0.45,57.82,23.35,0,0
0.0,334.38,26.17,0,3
2.05,47.89,25.56,0,0
11.94,82.27,25.04,0,1
17.04,166.06,27.91,1,4
10.41,222.87,31.84,0,2
11.81,198.2,36.87,0,2
2.28,26.22,24.04,0,0
1.98,69.32,27.8,0,0
1.84,27.26,30.17,0,0
0.43,75.17,33.36,0,0
1.92,20.26,33.43,0,0
2.22,29.68,33.2,0,0
0.63,63.66,25.75,0,0
0.34,33.18,32.37,0,0
0.21,64.31,41.21,0,1
1.35,65.05,42.96,0,1
2.63,16.21,27.52,0,0
0.0,77.48,42.39,0,1
0.34,176.19,29.53,0,1
1.27,18.34,34.01,0,0
1.9,88.99,32.64,0,0
0.0,346.31,29.75,0,3
0.67,217.31,33.07,0,1
9.53,220.39,34.91,0,2
0.92,82.05,29.76,0,0
0.07,86.57,23.17,0,0
9.01,22.09,28.22,0,1
1.17,35.56,32.85,0,0
12.18,188.87,30.03,0,2
2.27,66.24,29.0,0,0
0.23,81.71,22.5,0,0
0.88,63.7,34.9,0,0
1.42,66.15,32.7,0,0
12.65,201.8,33.47,0,2
7.62,66.44,30.5,0,1
0.1,39.17,34.39,0,0
2.15,90.88,31.91,0,0
1.56,88.74,34.68,0,0
0.37,96.24,33.34,0,0
2.91,32.77,23.15,0,0
10.78,179.17,37.43,0,2
1.21,68.71,25.0,0,0
1.09,73.22,42.36,0,1
0.0,143.59,43.97,0,1
0.0,412.35,27.92,0,3
2.92,88.94,22.84,0,0
0.0,60.81,41.38,0,1
1.5,39.26,33.18,0,0
0.0,332.52,20.72,0,3
1.09,215.9,31.96,0,1
2.8,28.0,31.86,0,0
3.0,43.24,28.45,0,0
8.96,31.96,33.02,0,1
17.28,94.62,30.11,1,4
1.3,82.21,33.56,0,0
0.23,68.61,25.44,0,0
0.39,94.76,33.38,0,0
1.37,53.09,30.81,1,3
1.14,63.88,29.56,0,0
0.43,160.04,34.99,0,1
0.85,80.1,29.7,0,0
27.63,70.4,22.42,0,3
2.62,76.06,23.0,0,0
7.25,174.53,34.74,0,2
10.33,55.39,28.34,0,1
8.79,225.54,33.33,0,2
1.71,31.53,28.07,0,0
0.0,411.19,24.05,0,3
8.72,75.56,27.69,0,1
0.07,47.45,24.55,0,0
0.87,51.21,42.43,0,1
0.21,47.14,31.46,0,0
28.1,119.73,20.29,0,3
28.76,100.68,22.95,0,3
1.92,22.62,23.89,0,0
0.0,394.11,29.14,0,3
11.4,92.13,31.05,0,1
11.5,95.95,31.6,0,1
10.48,182.79,30.13,0,2
2.94,83.54,28.23,0,0
0.19,15.86,31.82,0,0
42.43,328.95,25.88,0,4
16.64,175.81,29.53,1,4
2.91,37.34,28.34,0,0
0.97,80.1,24.56,0,0
7.91,175.25,30.18,0,2
9.94,93.87,30.26,0,1
13.48,166.9,34.78,0,2
0.31,193.14,29.98,0,1
2.09,45.62,32.0,0,0
0.0,392.46,22.74,0,3
8.45,179.4,37.89,0,2
2.19,86.41,26.51,0,0
2.32,66.6,26.7,0,0
13.05,178.8,30.19,0,2
2.02,92.8,33.22,0,0
2.64,83.91,31.55,0,0
12.65,228.94,36.55,0,2
2.17,86.51,24.41,0,0
2.36,44.23,27.2,0,0
0.64,94.8,32.48,0,0
0.32,46.67,27.4,0,0
2.66,87.36,33.05,0,0
29.52,45.57,22.77,0,3
2.77,22.35,29.65,0,0
1.3,26.17,42.71,0,1
27.05,97.03,26.16,1,4
7.12,213.68,31.03,0,2
12.18,174.58,36.06,0,2
13.48,217.96,36.94,0,2
1.72,189.82,31.6,0,1
0.0,375.27,26.9,0,3
7.53,52.64,29.49,0,1
0.0,132.98,42.21,0,1
8.45,97.84,33.28,0,1
29.79,430.82,21.28,0,4
19.75,40.49,21.61,0,3
0.79,48.64,42.78,0,1
2.52,93.9,29.32,0,0
13.03,194.84,37.03,0,2
0.92,98.57,22.4,0,0
1.38,41.43,25.67,0,0
1.19,21.09,32.08,0,0
0.12,65.18,30.69,0,0
7.61,173.74,31.46,0,2
1.38,67.82,42.45,0,1
10.11,176.37,37.35,0,2
24.9,114.34,29.12,1,4
1.1,72.41,24.73,0,0
1.14,23.34,32.58,0,0
28.8,187.94,25.17,1,4
1.8,27.58,23.28,0,0
1.89,42.25,26.86,0,0
2.21,80.17,32.78,0,0
12.41,206.18,33.93,0,2
0.16,39.8,30.89,0,0
18.86,184.52,34.03,1,4
0.0,323.49,22.17,0,3
0.0,369.82,28.41,0,3
2.62,77.45,30.77,0,0
1.42,38.39,29.65,0,0
7.46,211.53,33.98,0,2
27.25,59.52,25.34,0,3
1.29,94.77,26.24,0,0
0.44,48.47,24.93,0,0
2.16,90.49,23.43,0,0
7.72,190.35,37.97,0,2
0.07,43.36,34.36,0,0
0.67,66.27,25.04,0,0
0.16,62.53,29.3,0,0
7.92,199.99,34.81,0,2
1.64,75.2,34.88,0,0
0.28,179.83,32.15,0,1
0.96,90.78,22.12,0,0
2.63,113.46,28.58,1,3
6.51,79.11,29.02,0,1
1.73,46.3,26.03,0,0
1.37,29.42,33.08,0,0
10.5,66.09,31.02,0,1
12.37,179.2,33.13,0,2
8.83,233.25,36.71,0,2
24.9,61.08,26.94,0,3
19.69,117.81,30.62,1,4
0.28,94.3,41.86,0,1
0.11,27.97,25.86,0,0
1.41,180.15,34.3,0,1
0.51,189.46,33.97,0,1
1.46,79.4,29.81,0,0
1.24,200.92,28.56,0,1
1.0,173.07,33.58,0,1
1.84,199.53,29.56,0,1
19.17,443.84,23.83,0,4
0.0,90.75,43.78,0,1
7.34,169.39,36.77,0,2
2.76,38.1,29.78,0,0
1.73,56.97,41.66,0,1
1.18,21.71,26.72,0,0
1.94,46.12,26.99,0,0
1.82,48.09,34.33,0,0
20.55,65.57,26.64,0,3
25.7,388.41,27.11,0,4
0.2,71.48,26.74,0,0
2.11,35.65,29.35,0,0
1.08,76.3,29.97,0,0
1.17,201.57,33.15,0,1
0.79,78.65,28.08,0,0
0.48,51.9,31.44,0,0
0.29,203.42,27.35,0,1
43.43,376.21,23.29,0,4
29.32,167.94,33.04,1,4
2.14,23.44,33.61,0,0
0.91,96.45,24.02,0,0
1.74,98.36,30.99,0,0
2.24,51.23,34.9,0,0
1.27,170.96,31.16,0,1
17.83,131.08,29.78,1,4
0.64,93.63,22.42,0,0
23.22,476.46,25.34,0,4
1.37,165.8,28.2,0,1
1.67,45.58,41.87,0,1
0.11,21.18,22.28,0,0
7.03,78.23,31.46,0,1
0.06,50.43,25.22,0,0
12.77,200.3,33.23,0,2
0.28,46.6,30.81,0,0
9.89,237.28,37.52,0,2
2.94,59.8,31.68,1,3
19.84,482.86,27.94,0,4
9.21,229.2,37.63,0,2
0.77,195.63,30.9,0,1
1.77,42.04,41.02,0,1
7.05,203.68,31.45,0,2
0.37,68.52,41.16,0,1
18.12,443.14,25.29,0,4
9.7,39.55,30.49,0,1
1.54,216.18,31.4,0,1
31.71,442.3,25.91,0,4
0.0,339.41,24.08,0,3
2.85,41.72,24.51,0,0
10.58,53.01,28.1,0,1
11.05,51.51,33.94,0,1
10.09,205.13,33.49,0,2
1.36,83.63,25.47,0,0
6.3,58.55,28.92,0,1
0.68,56.42,32.51,0,0
29.3,329.9,27.01,0,4
23.44,219.55,33.22,1,4
10.3,192.29,36.45,0,2
1.29,63.18,32.81,0,0
1.65,38.73,32.88,0,0
12.74,164.6,33.9,0,2
2.02,41.47,32.07,0,0
1.54,25.51,29.25,0,0
0.56,22.59,42.32,0,1
3.42,88.55,29.08,1,3
1.03,88.94,26.39,0,0
18.39,417.84,25.94,0,4
0.04,78.21,26.4,0,0
1.69,24.37,23.35,0,0
21.19,369.56,27.82,0,4
1.24,38.86,28.09,0,0
1.53,40.37,32.6,0,0
2.38,69.55,33.9,0,0
0.0,312.19,29.48,0,3
8.07,195.61,31.55,0,2
1.18,70.11,34.4,0,0
8.61,186.9,34.16,0,2
2.5,29.28,25.77,0,0
9.23,45.01,28.58,0,1
0.75,97.25,25.45,0,0
1.04,57.79,41.2,0,1
12.08,175.7,36.08,0,2
0.0,90.06,42.42,0,1
1.63,37.26,41.13,0,1
2.92,29.0,33.24,0,0
0.12,35.48,28.57,0,0
2.77,91.49,23.94,0,0
10.22,238.57,30.44,0,2
11.48,95.17,29.82,0,1
1.82,81.8,29.96,1,3
1.34,54.38,34.97,0,0
0.86,32.92,29.07,0,0
2.76,60.15,33.65,0,0
0.45,31.34,28.12,0,0
2.35,82.2,31.13,0,0
0.0,91.25,42.58,0,1
1.02,63.34,42.53,0,1
0.28,65.78,32.24,0,0
27.42,248.53,30.43,1,4
9.47,221.23,35.25,0,2
17.68,121.9,27.19,0,3
0.0,325.05,23.32,0,3
2.45,49.56,32.09,0,0
0.58,87.29,29.74,0,0
2.72,98.6,30.6,0,0
7.94,221.3,30.79,0,2
27.41,40.28,23.52,0,3
43.95,349.02,23.36,0,4
6.28,86.86,34.18,0,1
13.41,167.59,33.6,0,2
2.51,95.97,25.87,0,0
0.46,66.21,42.6,0,1
2.22,88.84,28.48,0,0
0.0,93.75,43.4,0,1
2.72,80.38,25.55,0,0
2.68,48.74,26.97,0,0
0.0,105.29,41.05,0,1
2.82,30.29,25.08,0,0
0.8,25.35,26.06,0,0
6.03,61.84,29.14,0,1
2.06,73.92,31.44,0,0
9.2,239.53,30.58,0,2
9.09,99.39,26.5,0,1
0.62,48.13,42.89,0,1
1.22,162.87,31.63,0,1
1.41,87.37,34.59,0,0
8.62,185.42,31.1,0,2
1.62,63.49,42.88,0,1
22.81,57.39,25.47,0,3
1.7,75.52,32.01,0,0
0.26,33.59,29.79,0,0
0.48,99.62,26.97,0,0
0.71,98.95,41.69,0,1
11.99,221.84,36.9,0,2
0.84,24.44,42.38,0,1
1.41,51.91,28.09,0,0
0.73,53.14,22.6,0,0
2.35,86.64,31.3,0,0
0.04,176.06,25.3,0,1
0.87,44.32,31.28,0,0
2.96,95.53,34.76,0,0
0.13,88.13,27.65,0,0
1.43,161.8,31.66,0,1
1.11,71.04,42.74,0,1
0.0,361.96,26.18,0,3
13.83,169.74,32.5,0,2
9.86,213.8,31.06,0,2
11.72,206.87,36.12,0,2
0.0,388.78,22.44,0,3
27.01,469.54,24.48,0,4
8.96,93.64,32.09,0,1
1.6,51.79,27.86,0,0
0.53,48.15,28.66,0,0
0.53,31.85,24.51,0,0
0.63,75.97,26.36,0,0
26.31,227.89,25.72,1,4
3.48,55.0,30.09,1,3
1.12,74.42,23.29,0,0
1.26,38.07,31.37,0,0
2.9,67.76,28.52,0,0
2.25,45.29,32.1,0,0
10.86,231.09,32.77,0,2
1.13,89.4,23.01,0,0
12.78,194.24,31.56,0,2
1.2,94.24,25.7,0,0
25.23,489.89,27.8,0,4
7.9,69.32,31.66,0,1
0.69,99.58,25.52,0,0
1.44,77.86,23.98,0,0
2.99,85.14,27.77,0,0
2.6,81.56,29.55,0,0
2.81,40.13,26.17,0,0
0.0,323.58,20.05,0,3
18.48,58.18,26.94,0,3
24.64,108.47,25.55,0,3
7.52,207.18,36.03,0,2
6.63,92.16,33.98,0,1
1.32,30.22,41.01,0,1
1.33,84.0,24.36,0,0
0.23,48.99,25.33,0,0
0.76,34.68,26.16,0,0
0.13,185.55,33.46,0,1
2.83,41.23,22.19,0,0
0.21,63.14,26.11,0,0
27.25,44.12,24.16,0,3
7.71,171.76,30.32,0,2
2.63,58.14,33.09,0,0
0.17,83.33,28.47,0,0
0.48,37.24,41.79,0,1
0.64,49.48,23.23,0,0
3.53,59.33,28.6,1,3
0.64,79.58,27.46,1,3
0.0,410.66,23.56,0,3
9.99,24.64,34.6,0,1
9.22,221.84,30.13,0,2
2.69,37.37,30.68,0,0
1.18,78.4,33.83,0,0
0.83,56.46,29.98,0,0
0.55,178.08,27.84,0,1
0.21,33.74,23.4,0,0
0.86,44.94,34.06,0,0
44.86,468.91,25.44,0,4
1.66,40.8,30.77,0,0
0.36,33.28,29.91,0,0
7.67,224.67,36.59,0,2
11.79,178.55,37.36,0,2
0.55,69.28,26.73,0,0
38.52,469.57,24.39,0,4
0.0,88.58,43.93,0,1
0.04,57.27,34.04,0,0
0.8,77.74,32.08,0,0
2.5,29.61,26.77,0,0
0.94,33.51,26.4,0,0
2.11,73.14,27.85,0,0
1.3,94.6,29.85,0,0
8.61,167.58,30.67,0,2
11.78,96.02,30.23,0,1
0.41,85.03,29.86,0,0
13.03,195.52,32.94,0,2
9.08,186.23,33.05,0,2
0.0,86.37,42.56,0,1
0.0,378.7,26.76,0,3
0.75,94.06,27.01,0,0
2.09,54.77,25.21,0,0
0.43,38.76,27.44,0,0
6.29,40.68,27.19,0,1
10.25,161.2,36.19,0,2
0.78,30.53,34.3,0,0
26.13,108.08,29.27,1,4
1.53,54.2,28.52,0,0
0.0,322.13,27.18,0,3
1.51,59.79,32.12,0,0
2.62,71.43,22.41,0,0
0.12,80.1,24.22,0,0
0.41,62.56,28.44,0,0
2.83,87.66,26.09,0,0
9.87,58.21,27.96,0,1
10.58,64.47,33.28,0,1
2.71,84.65,32.64,0,0
0.79,98.32,34.35,0,0
1.3,28.26,25.41,0,0
0.24,64.26,25.13,0,0
25.85,460.58,27.53,0,4
1.0,186.46,32.65,0,1
9.6,197.56,34.15,0,2
0.32,91.96,30.74,0,0
10.6,52.13,30.62,0,1
2.09,35.93,23.99,0,0
0.0,392.51,22.46,0,3
1.12,82.32,42.71,0,1
0.92,66.11,25.77,0,0
34.49,423.12,26.93,0,4
0.19,34.04,28.39,0,0
1.87,45.39,42.48,0,1
0.54,83.21,22.72,0,0
2.34,58.53,30.96,0,0
2.25,29.61,32.51,0,0
1.68,43.94,41.13,0,1
0.56,56.06,41.81,0,1
2.61,79.5,23.24,0,0
0.03,98.79,27.41,0,0
25.0,473.05,23.58,0,4
1.94,96.23,28.02,0,0
11.75,58.51,26.3,0,1
2.12,56.41,26.31,0,0
1.38,23.28,26.82,0,0
2.03,80.67,25.17,0,0
1.04,62.64,31.98,0,0
1.1,92.21,27.85,0,0
1.23,45.87,31.47,0,0
1.14,38.99,29.41,0,0
17.93,194.82,27.01,1,4
1.53,28.38,22.27,0,0
2.47,16.31,23.42,0,0
2.7,70.48,34.58,1,3
1.57,43.86,24.35,0,0
0.88,73.56,34.67,0,0
1.81,87.8,27.71,1,3
9.07,204.69,31.1,0,2
8.33,173.63,30.19,0,2
0.7,33.9,26.26,0,0
2.81,25.13,31.13,0,0
0.92,195.23,34.53,0,1
0.91,63.67,41.87,0,1
24.43,105.35,27.64,0,3
10.77,176.41,33.66,0,2
8.56,83.12,26.05,0,1
8.46,60.88,34.72,0,1
43.81,382.2,24.52,0,4
1.35,61.03,41.76,0,1
0.88,90.15,24.26,0,0
0.62,90.72,31.1,0,0
0.73,65.88,25.09,1,3
0.92,20.72,26.43,0,0
2.4,28.28,31.43,0,0
1.49,77.59,29.88,0,0
8.91,88.25,26.42,0,1
10.84,218.95,32.74,0,2
0.23,50.0,41.96,0,1
2.47,95.41,29.75,0,0
2.22,33.46,31.54,0,0
0.16,38.69,27.55,0,0
7.93,182.96,30.67,0,2
0.08,25.5,42.1,0,1
2.89,94.63,30.58,0,0
1.51,18.83,33.8,0,0
11.02,194.23,34.08,0,2
0.3,71.18,34.95,0,0
2.98,91.47,33.62,0,0
17.67,76.03,23.22,0,3
8.19,204.97,35.55,0,2
2.34,51.71,24.11,0,0
0.84,28.44,29.32,0,0
40.05,347.4,26.67,0,4
0.68,81.48,33.14,0,0
34.43,381.91,27.97,0,4
2.68,21.34,22.55,0,0
18.53,247.21,33.03,1,4
24.33,242.92,33.1,1,4
22.28,415.5,24.79,0,4
12.53,169.45,35.02,0,2
9.72,182.05,33.84,0,2
1.53,41.22,27.5,0,0
0.0,105.18,41.62,0,1
0.55,64.44,22.72,0,0
26.63,366.79,24.48,0,4
25.38,218.9,30.58,1,4
1.68,96.84,41.84,0,1
0.54,87.84,23.58,0,0
11.34,218.14,32.05,0,2
0.12,76.61,29.97,0,0
2.62,109.44,26.53,1,3
2.48,61.85,32.76,0,0
2.5,23.1,33.48,0,0
0.0,405.87,22.9,0,3
0.5,98.45,23.51,0,0
29.73,446.35,20.86,0,4
1.27,99.9,27.08,0,0
0.2,74.36,25.76,0,0
0.74,109.89,29.49,1,3
2.64,62.97,24.58,0,0
1.71,46.8,25.03,0,0
0.49,86.14,41.46,0,1
8.75,176.99,32.01,0,2
9.4,76.53,32.39,0,1
2.77,42.94,23.44,0,0
22.72,176.15,28.58,1,4
11.8,205.97,30.46,0,2
0.12,76.07,28.21,0,0
27.25,217.64,33.91,1,4
0.93,119.32,30.3,1,3
0.13,54.0,27.77,0,0
2.47,74.77,23.4,0,0
1.79,47.51,24.71,0,0
7.57,86.83,32.28,0,1
8.61,24.23,26.43,0,1
0.9,34.23,41.48,0,1
0.0,53.02,41.85,0,1
2.35,90.78,29.21,0,0
0.0,94.78,42.56,0,1
1.15,54.71,29.77,0,0
2.29,72.85,25.88,0,0
8.71,76.5,26.55,0,1
2.18,97.82,31.53,0,0
0.0,124.02,42.96,0,1
1.5,85.0,22.16,0,0
0.0,111.4,42.49,0,1
0.0,58.55,42.95,0,1
2.99,68.55,27.47,1,3
13.68,195.68,37.19,0,2
1.58,88.76,42.36,0,1
0.32,97.79,30.86,1,3
1.75,96.23,34.43,0,0
8.75,22.16,29.15,0,1
0.0,63.91,42.83,0,1
2.95,15.31,22.83,0,0
38.12,362.74,24.19,0,4
1.44,28.71,28.63,0,0
2.52,68.35,34.24,0,0
0.97,199.88,28.74,0,1
8.01,93.35,34.79,0,1
17.29,121.94,29.62,1,4
1.86,62.85,23.13,0,0
0.16,95.97,30.39,0,0
0.0,370.26,20.96,0,3
0.2,87.41,23.39,0,0
0.3,208.97,31.36,0,1
6.19,68.92,26.82,0,1
0.0,399.64,23.34,0,3
0.0,67.1,41.16,0,1
7.89,213.1,34.44,0,2
6.14,98.06,33.13,0,1
2.76,94.14,28.93,0,0
1.46,42.61,27.82,0,0
0.0,129.52,41.18,0,1
11.18,58.11,34.15,0,1
0.99,72.51,25.82,0,0
3.58,98.19,31.1,1,3
1.54,186.3,28.73,0,1
9.79,69.22,27.29,0,1
11.4,34.86,25.35,0,1
1.23,69.9,23.11,0,0
0.62,68.89,31.08,1,3
11.45,217.09,34.65,0,2
0.0,383.29,29.2,0,3
7.28,210.58,34.36,0,2
1.64,212.36,29.23,0,1
21.12,156.95,26.3,1,4
1.18,65.43,26.72,1,3
2.29,56.35,34.72,0,0
2.53,97.29,22.29,0,0
1.04,88.96,32.89,0,0
0.6,83.2,29.76,0,0
2.41,96.34,22.55,0,0
2.46,64.7,34.86,0,0
0.0,410.64,22.88,0,3
0.58,39.6,29.96,0,0
19.34,174.63,28.83,1,4
