distance_to_zone_km,claim_frequency_30d,avg_claim_amount_30d,hours_since_last_claim,device_id_match,gps_trajectory_score,event_cluster_count,is_anomaly
1.75,0,1070.83,571,1,0.99,15,0
0.85,0,667.67,408,1,0.91,21,0
0.32,0,744.78,234,1,0.93,18,0
0.26,0,578.77,520,1,0.76,16,0
0.04,0,693.8,330,1,0.96,24,0
0.78,1,1182.8,663,1,0.92,19,0
2.82,1,724.95,258,1,0.86,19,0
0.2,0,491.66,692,1,0.77,14,0
0.1,0,256.63,558,1,0.96,10,0
0.17,0,240.58,698,1,0.95,13,0
0.35,0,895.65,646,1,0.92,13,0
0.6,0,238.28,626,1,0.76,19,0
1.26,1,985.7,669,1,0.82,8,0
0.12,0,203.54,600,1,0.87,19,0
0.08,1,1075.17,393,1,0.77,21,0
1.44,0,991.86,63,1,0.79,13,0
0.08,0,998.47,399,1,0.85,21,0
0.75,0,450.91,122,1,0.88,23,0
0.11,0,274.15,694,1,0.97,9,0
0.11,0,741.48,488,1,0.79,16,0
0.62,0,1125.81,331,1,0.89,23,0
0.48,0,872.62,219,1,0.99,19,0
0.61,0,975.07,586,1,0.88,12,0
0.72,0,866.07,293,1,0.82,19,0
0.41,0,808.57,482,1,0.83,22,0
0.25,0,338.29,403,1,0.76,3,0
2.75,0,1140.57,692,1,0.88,16,0
3.5,0,379.29,315,1,0.97,6,0
0.09,0,913.42,396,1,0.95,11,0
0.4,0,312.01,524,1,0.79,23,0
2.4,0,1076.57,367,1,0.92,24,0
1.62,0,553.28,411,1,0.8,21,0
0.34,0,980.65,583,1,0.86,20,0
0.18,0,262.88,598,1,0.87,20,0
0.17,1,507.1,324,1,0.95,6,0
1.37,0,700.04,157,1,0.85,22,0
2.05,2,543.44,185,1,0.94,19,0
0.0,1,1109.09,60,1,0.89,22,0
0.32,0,1186.08,284,1,0.86,15,0
0.48,1,1170.34,465,1,0.89,22,0
0.65,0,1160.28,364,1,0.95,17,0
0.22,0,1042.51,605,1,0.81,3,0
0.55,0,897.11,503,1,0.87,23,0
1.8,0,588.06,710,1,0.79,20,0
0.2,1,444.42,569,1,0.85,9,0
1.73,0,1111.81,352,1,0.87,9,0
1.08,0,239.72,430,1,0.96,10,0
0.0,0,368.97,74,1,0.86,22,0
1.77,0,1198.13,64,1,0.78,4,0
1.81,0,253.13,193,1,0.95,18,0
2.94,1,426.11,534,1,0.87,22,0
0.36,0,1019.25,436,1,0.83,7,0
0.13,0,909.93,579,1,0.76,18,0
1.11,1,716.27,94,1,0.9,9,0
0.1,0,637.2,330,1,0.79,5,0
0.76,0,941.2,287,1,0.8,12,0
0.33,0,431.48,238,1,0.95,4,0
0.12,0,373.07,50,1,0.96,9,0
1.49,0,651.86,534,1,0.87,8,0
0.53,0,659.45,368,1,0.96,24,0
2.35,0,590.12,385,1,0.82,13,0
2.8,1,1054.42,385,1,0.99,21,0
0.32,2,789.82,287,1,1.0,20,0
2.46,0,613.26,634,1,0.9,5,0
0.38,0,690.53,131,1,0.86,23,0
0.03,1,230.57,192,1,0.89,7,0
0.98,0,776.08,403,1,0.83,23,0
0.08,0,1012.65,663,1,0.98,10,0
2.08,0,626.9,498,1,0.77,8,0
0.52,0,453.44,247,1,0.81,9,0
0.24,0,482.29,384,1,0.83,21,0
0.26,0,375.16,554,1,0.94,23,0
0.2,1,1114.21,405,1,0.88,7,0
0.72,0,870.17,435,1,0.78,9,0
0.53,0,478.26,658,1,0.8,15,0
1.98,0,405.67,355,1,0.8,4,0
0.64,1,1097.11,223,1,0.75,13,0
0.37,0,1036.59,471,1,0.87,17,0
0.32,0,1071.58,385,1,0.96,10,0
0.98,0,1193.06,703,1,0.78,6,0
0.22,1,826.67,129,1,0.83,11,0
0.6,0,1054.02,640,1,0.96,5,0
0.47,1,692.22,387,1,0.99,3,0
0.67,0,535.93,345,1,0.89,20,0
2.15,0,1088.11,548,1,0.76,14,0
0.69,2,447.22,494,1,0.89,17,0
0.46,0,420.2,422,1,1.0,14,0
0.51,0,716.87,204,1,0.83,18,0
0.16,0,1022.14,427,1,0.85,14,0
0.55,1,562.19,416,1,0.87,12,0
1.52,1,900.96,489,1,0.93,23,0
1.42,0,753.11,360,1,0.98,15,0
1.75,0,861.2,423,1,0.93,7,0
0.19,2,562.15,112,1,0.95,3,0
0.44,0,295.97,52,1,1.0,18,0
0.69,0,952.74,66,1,0.93,11,0
1.27,0,396.52,538,1,0.76,12,0
0.46,0,239.18,447,1,0.77,17,0
0.06,0,597.83,70,1,0.87,3,0
0.33,0,609.38,671,1,0.84,20,0
1.36,1,201.74,207,1,0.76,22,0
1.37,0,834.63,507,1,0.93,18,0
1.11,0,607.27,471,1,0.81,14,0
0.8,0,1044.01,251,1,0.88,24,0
0.27,1,1128.49,660,1,1.0,10,0
0.46,0,443.53,473,1,0.98,21,0
0.72,0,889.28,52,1,0.93,15,0
0.09,0,578.53,480,1,0.94,9,0
0.17,0,302.36,578,1,0.89,11,0
1.06,0,1191.21,54,1,0.77,5,0
1.73,0,261.71,400,1,0.91,19,0
0.08,0,975.89,436,1,0.84,10,0
0.46,0,880.64,383,1,0.92,22,0
0.63,0,271.38,340,1,0.85,23,0
1.23,1,303.76,383,1,0.91,7,0
1.01,0,618.0,51,1,0.94,12,0
0.2,1,415.79,305,1,0.85,7,0
0.44,1,527.7,572,1,0.79,4,0
0.53,0,1058.09,187,1,0.81,9,0
0.43,0,591.9,167,1,0.99,18,0
1.13,0,349.39,615,1,0.98,19,0
1.01,1,835.14,652,1,0.86,6,0
0.99,0,320.08,354,1,0.91,18,0
0.21,1,600.29,461,1,0.89,3,0
0.43,0,618.59,346,1,0.9,8,0
0.26,1,564.82,310,1,0.78,21,0
0.05,0,298.62,656,1,0.99,22,0
1.28,0,232.63,253,1,0.91,9,0
0.17,0,495.2,117,1,0.87,3,0
0.08,0,1198.79,265,1,0.84,10,0
0.44,1,1095.18,51,1,0.76,24,0
0.98,0,976.75,573,1,0.99,16,0
0.62,0,724.5,114,1,0.94,23,0
1.32,0,956.07,595,1,0.96,3,0
1.5,0,655.32,394,1,0.98,9,0
0.3,0,507.33,286,1,0.85,20,0
0.41,2,1173.26,189,1,0.97,23,0
0.53,0,707.49,609,1,0.98,12,0
0.32,2,306.42,487,1,0.98,15,0
1.74,0,792.71,420,1,1.0,10,0
3.5,1,883.21,64,1,0.77,7,0
0.67,1,895.95,641,1,0.76,24,0
0.49,0,919.72,234,1,0.9,7,0
0.78,0,506.53,309,1,0.77,19,0
0.67,0,642.08,380,1,0.97,17,0
0.04,0,856.4,688,1,0.81,3,0
0.36,0,645.71,601,1,0.92,12,0
0.57,1,1148.56,581,1,0.86,10,0
1.53,0,452.72,529,1,0.8,4,0
0.08,0,687.96,553,1,0.9,16,0
2.29,0,886.23,582,1,1.0,8,0
0.46,0,312.39,366,1,0.78,18,0
0.36,0,1157.01,204,1,0.8,6,0
0.01,1,471.21,172,1,0.85,7,0
1.49,1,536.84,650,1,0.76,22,0
0.76,0,797.16,525,1,0.96,19,0
0.52,0,761.89,61,1,0.77,7,0
0.04,1,1146.05,380,1,0.79,19,0
1.46,0,1169.33,481,1,0.99,13,0
1.4,0,308.53,398,1,0.76,21,0
0.78,0,1173.04,162,1,0.86,19,0
1.24,1,813.64,585,1,0.81,17,0
0.34,0,663.17,450,1,0.89,11,0
1.09,1,1069.21,445,0,0.92,8,0
0.04,1,787.15,512,1,0.92,17,0
0.63,1,812.97,159,1,0.87,21,0
0.13,0,1083.94,287,1,1.0,21,0
0.56,1,901.91,59,1,0.8,6,0
0.29,0,1160.26,108,1,0.97,12,0
0.4,0,992.23,331,1,0.91,24,0
0.14,0,222.99,111,1,1.0,9,0
1.99,0,776.65,312,1,0.89,20,0
0.06,0,744.51,491,1,0.76,15,0
3.5,0,544.02,481,1,0.91,11,0
0.32,0,564.02,378,1,0.96,16,0
0.82,0,518.9,447,1,0.87,18,0
1.46,0,965.74,372,1,0.79,18,0
0.3,0,462.68,496,1,0.96,3,0
0.28,0,535.8,430,1,0.84,21,0
1.69,1,1017.94,468,1,0.95,22,0
0.1,0,560.03,61,1,0.91,7,0
0.52,1,1063.08,357,1,0.85,22,0
0.23,0,298.59,312,1,0.98,12,0
0.21,0,844.28,591,1,0.94,8,0
1.39,0,288.73,65,1,0.86,6,0
0.46,1,609.99,645,1,0.86,20,0
2.11,0,818.58,384,1,0.91,21,0
0.69,0,1014.45,224,1,0.94,22,0
0.47,0,829.87,416,1,0.94,12,0
3.1,0,234.22,361,1,0.78,3,0
0.31,1,333.6,90,1,0.75,24,0
0.06,0,632.88,704,1,0.89,8,0
0.13,0,384.19,448,1,0.85,17,0
0.18,2,645.41,441,1,0.77,18,0
0.25,2,1036.71,128,1,0.91,8,0
0.0,0,870.94,104,1,0.95,20,0
0.43,0,668.34,545,1,0.93,12,0
0.14,1,381.56,447,1,0.88,10,0
1.01,0,1122.28,520,1,0.75,21,0
0.41,0,443.97,184,1,0.82,13,0
0.28,1,752.29,499,1,0.79,10,0
0.99,1,821.65,105,1,0.97,17,0
0.35,0,857.88,343,1,0.92,4,0
0.77,0,901.48,118,1,0.88,24,0
0.18,0,1152.2,587,1,0.92,14,0
0.4,2,556.09,716,1,0.93,18,0
0.11,0,977.98,438,1,0.97,13,0
0.54,1,792.91,62,1,0.99,15,0
2.02,2,410.39,124,1,0.98,13,0
0.94,0,879.02,293,1,0.89,5,0
0.02,0,354.58,219,1,0.96,23,0
0.28,0,644.65,194,1,0.87,14,0
0.54,1,975.89,648,1,0.78,16,0
0.14,0,337.36,644,1,0.94,20,0
1.94,0,1049.97,571,1,0.84,11,0
0.29,0,1177.58,653,1,0.86,20,0
1.2,0,299.03,706,1,0.83,17,0
0.04,0,219.24,86,1,0.85,15,0
0.97,0,215.37,644,1,1.0,20,0
0.58,0,951.97,677,1,0.81,14,0
0.96,0,988.92,661,1,0.79,14,0
0.49,1,850.41,526,1,0.93,5,0
0.32,1,273.98,447,1,0.94,6,0
0.14,0,1174.19,575,1,0.87,22,0
0.39,1,1032.92,435,1,0.77,4,0
0.53,0,380.55,317,1,0.98,3,0
0.64,0,295.83,126,1,0.84,22,0
1.28,1,647.85,221,1,0.91,18,0
0.33,0,858.62,648,1,0.99,23,0
0.72,0,888.66,333,1,0.85,4,0
2.47,2,557.0,233,1,0.96,20,0
0.11,2,641.81,631,1,0.95,24,0
1.14,0,882.42,490,1,0.82,24,0
1.36,0,264.67,695,1,0.89,6,0
0.35,0,571.89,643,0,0.93,19,0
0.89,0,863.6,529,1,0.97,8,0
2.66,0,1009.13,642,1,0.8,9,0
0.41,0,828.16,445,1,0.86,23,0
0.11,0,937.86,529,1,0.84,17,0
0.34,0,403.39,606,1,0.98,23,0
0.05,0,934.2,70,1,0.87,10,0
2.18,0,1094.79,667,1,0.92,22,0
1.42,0,911.62,343,1,0.78,21,0
0.07,1,231.65,165,1,0.95,3,0
1.61,0,1052.99,124,1,0.93,22,0
0.02,1,820.19,213,1,0.9,5,0
0.37,1,409.6,664,1,0.93,6,0
0.02,1,1031.72,170,1,0.83,13,0
2.08,0,1199.2,578,1,0.94,8,0
1.3,1,534.35,408,1,0.91,23,0
0.09,1,668.32,236,1,0.98,19,0
0.18,2,216.09,695,1,0.78,18,0
0.31,0,333.06,344,1,0.91,13,0
1.35,1,332.51,170,1,0.8,17,0
0.29,0,772.49,496,1,0.84,5,0
2.24,0,311.12,400,1,0.98,11,0
0.05,0,584.04,552,1,0.98,10,0
0.93,1,226.56,103,1,0.77,10,0
0.02,0,557.83,242,1,0.94,5,0
0.33,0,972.03,317,1,0.84,4,0
0.99,0,497.18,102,1,0.89,18,0
0.13,0,489.1,456,1,0.97,23,0
2.02,0,294.55,495,1,0.98,23,0
1.07,1,929.11,709,1,0.84,5,0
0.84,0,990.33,587,1,0.78,9,0
0.89,1,867.39,292,1,0.87,15,0
0.22,0,702.57,664,1,0.94,8,0
1.02,0,902.94,608,1,0.94,8,0
0.73,1,338.61,256,1,0.83,21,0
0.25,0,698.74,393,1,0.78,5,0
0.1,0,255.47,312,1,0.76,22,0
0.61,0,567.57,671,1,0.95,21,0
0.43,0,1118.43,508,1,0.94,9,0
0.84,1,1139.73,545,1,1.0,8,0
0.08,0,455.77,302,1,0.82,7,0
0.09,0,483.01,76,1,0.95,16,0
1.1,0,902.39,251,1,0.82,14,0
0.06,0,679.89,176,1,0.85,7,0
0.65,1,283.2,275,1,0.81,16,0
0.4,0,1027.02,630,1,0.96,21,0
0.28,1,314.06,585,1,0.89,23,0
0.1,0,439.19,172,1,0.97,14,0
0.03,0,1120.14,502,1,0.8,10,0
0.31,0,611.07,426,1,0.85,24,0
0.99,0,1086.25,427,1,0.79,23,0
0.93,0,733.5,513,1,0.76,3,0
0.63,1,460.93,293,1,0.9,3,0
0.9,1,515.74,101,1,0.94,20,0
1.68,0,258.89,281,1,0.96,10,0
0.14,1,771.59,261,1,0.92,9,0
1.18,0,472.88,154,1,0.77,7,0
0.01,0,299.27,76,1,0.78,15,0
0.74,0,926.12,605,0,0.83,4,0
2.01,1,366.44,542,1,0.84,14,0
0.12,2,347.2,636,1,0.77,23,0
0.51,2,447.29,538,1,0.9,7,0
0.01,0,203.43,565,1,0.78,9,0
1.11,0,567.05,456,1,0.82,20,0
0.74,1,753.45,408,1,0.76,8,0
0.65,0,339.63,314,1,0.78,3,0
0.01,0,560.96,114,1,0.91,13,0
1.38,1,664.07,571,1,0.89,15,0
1.67,0,325.8,149,1,0.91,21,0
0.18,0,252.67,579,1,0.86,8,0
3.5,2,804.95,452,1,0.89,8,0
1.91,0,455.46,569,1,0.98,24,0
1.33,0,1108.03,100,1,0.91,5,0
0.16,2,278.5,460,1,0.76,7,0
0.29,1,679.1,694,1,0.84,17,0
0.14,0,505.82,370,1,0.94,21,0
0.18,0,287.2,574,1,0.89,12,0
2.2,0,811.04,388,1,0.89,5,0
0.62,2,1094.21,602,1,0.9,17,0
0.53,0,251.94,144,1,0.85,8,0
1.87,0,782.65,493,1,0.84,20,0
0.18,0,635.13,625,1,0.77,3,0
0.57,0,272.93,643,1,0.88,11,0
1.25,1,664.75,479,1,0.95,14,0
0.17,1,533.88,479,1,0.95,17,0
2.58,2,1102.37,230,1,0.89,16,0
2.14,0,208.03,521,1,0.77,9,0
1.66,0,309.1,718,1,0.85,13,0
0.22,1,271.89,503,1,0.95,19,0
0.47,0,1165.37,484,1,0.98,4,0
0.61,0,522.67,614,1,0.93,4,0
0.69,0,1045.17,458,1,0.88,17,0
0.51,1,274.48,547,1,0.78,22,0
0.84,1,984.05,143,1,0.89,7,0
1.63,0,384.81,508,1,0.97,17,0
0.44,0,566.22,559,1,0.81,23,0
0.06,0,399.56,246,1,0.87,8,0
1.8,1,471.71,497,1,0.84,9,0
0.18,2,624.21,310,1,0.93,10,0
0.61,1,401.71,441,1,0.99,13,0
0.27,0,939.91,247,1,0.84,15,0
0.42,0,659.9,339,1,0.81,4,0
0.09,0,245.52,295,1,0.87,21,0
0.68,0,226.81,386,1,0.92,21,0
0.08,0,671.8,280,1,0.95,12,0
0.32,0,641.07,226,1,0.95,19,0
1.56,0,923.96,412,1,0.83,23,0
0.24,0,383.96,672,1,0.8,14,0
0.43,1,955.81,269,1,0.88,23,0
1.42,0,1115.32,194,1,0.84,8,0
0.7,0,724.3,444,1,1.0,24,0
0.05,0,344.87,386,1,0.88,11,0
0.0,0,889.61,49,1,0.82,16,0
0.55,0,1119.33,298,1,0.79,5,0
0.43,0,842.84,677,1,0.99,3,0
0.34,0,308.41,243,1,0.84,8,0
1.25,0,799.35,477,1,0.87,4,0
0.1,2,955.09,211,1,0.86,7,0
0.84,1,514.86,244,1,0.78,16,0
0.78,0,356.86,478,1,0.77,23,0
2.82,1,467.61,317,1,0.84,18,0
0.01,0,1177.07,283,1,0.91,12,0
0.18,0,424.12,423,1,0.83,8,0
0.47,0,984.2,80,1,0.91,21,0
2.18,0,499.47,244,1,0.85,17,0
0.07,0,1070.98,84,1,0.88,11,0
0.66,0,1181.36,466,1,0.91,24,0
0.06,0,618.32,427,1,0.86,10,0
0.24,0,1130.64,155,1,0.91,7,0
0.86,0,320.78,244,1,0.87,5,0
0.57,2,293.0,361,1,0.76,20,0
0.31,0,240.39,571,1,0.8,4,0
0.46,1,1016.54,688,1,0.91,9,0
0.26,0,206.48,199,1,0.96,8,0
0.55,0,391.89,663,1,0.81,20,0
0.09,1,440.06,402,1,0.93,9,0
0.52,0,1046.5,692,1,0.8,19,0
0.62,1,943.81,165,1,0.96,10,0
0.44,0,958.72,349,1,0.82,14,0
0.05,0,302.98,642,1,0.99,16,0
0.54,0,253.86,127,1,0.85,5,0
0.83,0,599.15,152,1,0.88,22,0
0.24,0,690.7,654,1,0.87,24,0
0.25,0,1172.91,483,1,0.76,18,0
1.57,1,633.06,49,1,0.99,22,0
0.5,0,1046.2,646,1,0.93,8,0
0.26,0,726.22,490,1,0.88,20,0
0.51,2,964.34,638,1,0.8,19,0
0.17,1,409.59,386,1,0.83,11,0
0.12,2,545.63,72,1,0.96,18,0
1.47,0,269.08,304,1,0.86,14,0
0.53,0,886.2,301,1,0.92,12,0
0.92,0,399.08,401,1,0.86,18,0
0.42,0,1070.21,123,1,0.84,20,0
1.54,0,793.37,699,1,0.98,17,0
1.22,0,629.57,694,1,0.77,3,0
0.3,0,862.0,665,1,0.82,20,0
1.24,1,744.37,112,1,0.76,22,0
0.43,0,311.96,645,1,0.86,5,0
1.16,1,317.25,498,1,0.84,4,0
0.18,2,509.75,456,1,0.91,4,0
0.38,0,1037.99,369,1,0.78,14,0
1.35,0,1051.48,485,1,0.87,5,0
0.14,0,370.14,648,1,0.78,23,0
0.01,1,439.02,598,1,0.76,16,0
0.6,0,1036.88,277,1,1.0,16,0
1.51,0,351.57,535,1,0.89,15,0
0.38,1,1076.08,332,1,0.8,3,0
0.08,0,366.76,221,1,0.91,20,0
0.54,1,935.62,675,1,0.88,5,0
0.07,0,313.0,193,1,0.93,14,0
0.07,0,678.26,201,1,0.86,5,0
0.42,0,1155.89,440,1,0.79,23,0
0.83,0,441.13,380,1,0.92,18,0
1.4,0,1124.55,396,1,0.8,11,0
0.68,0,218.02,504,1,0.85,7,0
2.5,0,890.68,503,1,0.88,5,0
0.05,0,339.19,360,1,0.79,23,0
0.22,2,1063.19,589,1,0.76,8,0
0.31,1,552.05,67,1,0.81,4,0
0.64,1,997.17,380,1,0.91,4,0
1.58,0,340.71,694,1,0.99,6,0
1.78,0,1030.67,206,1,0.84,19,0
0.14,0,969.66,325,1,0.98,22,0
0.66,1,530.64,64,1,0.83,13,0
0.44,0,1171.33,526,1,0.92,20,0
0.16,1,645.37,587,1,0.76,15,0
0.2,0,1077.47,410,1,0.96,5,0
0.16,0,326.79,278,1,0.96,17,0
0.18,0,664.88,650,1,0.94,22,0
0.85,0,965.81,333,1,0.82,24,0
0.88,0,323.15,63,1,0.98,24,0
0.44,1,626.93,409,1,0.82,24,0
0.05,1,752.22,384,1,0.75,24,0
0.57,0,1024.13,408,1,0.9,12,0
0.33,2,675.28,656,1,1.0,12,0
1.74,0,1024.14,539,1,0.76,9,0
0.18,0,753.46,616,1,0.89,11,0
0.76,1,523.42,497,1,0.99,13,0
0.59,0,1069.73,556,1,0.99,14,0
0.95,0,353.0,95,1,0.9,9,0
0.27,0,779.78,152,1,0.87,23,0
2.85,0,1153.25,623,1,0.77,22,0
1.21,1,1023.46,694,1,0.96,17,0
0.04,0,303.79,479,1,0.9,6,0
0.48,1,1118.6,169,1,0.86,7,0
0.05,2,602.71,75,1,0.88,19,0
0.47,1,1016.55,348,1,0.87,17,0
0.68,1,927.63,471,1,0.79,15,0
1.08,1,443.97,615,1,0.77,24,0
0.55,2,658.42,456,1,0.9,3,0
1.08,2,246.27,540,1,0.85,10,0
1.45,0,665.05,694,1,0.87,16,0
0.31,0,639.26,129,1,0.82,11,0
1.11,1,203.85,509,1,0.85,14,0
0.72,1,1058.09,141,1,0.78,22,0
2.74,0,653.93,704,1,0.9,9,0
0.17,1,374.44,176,1,0.87,13,0
0.25,0,947.47,698,1,0.94,19,0
0.1,0,766.62,94,1,0.86,15,0
0.61,0,941.08,315,1,0.94,6,0
1.05,0,573.15,333,1,0.85,4,0
0.02,1,1081.8,193,1,0.89,22,0
1.32,0,506.35,276,1,0.99,6,0
0.52,1,245.27,393,1,0.9,17,0
2.35,0,974.3,218,1,0.89,24,0
1.75,0,1174.15,350,1,0.85,18,0
0.1,0,757.51,415,1,0.77,20,0
0.96,0,226.61,399,1,0.92,9,0
0.3,0,1071.15,714,1,0.93,16,0
1.34,1,1175.85,214,1,0.87,11,0
0.8,0,403.81,187,1,0.91,22,0
0.03,0,463.38,676,1,0.83,17,0
0.14,0,1161.57,560,1,0.84,12,0
0.18,0,565.77,605,1,0.91,10,0
0.41,1,955.36,327,1,0.86,5,0
1.32,1,764.28,683,1,0.79,5,0
1.48,1,559.29,177,1,0.76,12,0
3.35,1,890.92,645,1,0.93,21,0
0.32,0,1152.91,469,1,0.77,11,0
0.75,1,1064.89,88,1,0.95,3,0
0.65,0,1098.08,586,1,0.86,19,0
0.42,0,318.6,542,1,0.9,13,0
0.32,0,1090.67,312,1,0.86,10,0
2.78,0,820.28,377,1,0.89,5,0
1.34,0,788.62,432,1,0.89,22,0
0.36,0,209.11,420,1,0.94,19,0
0.78,0,756.06,238,1,0.78,7,0
0.49,1,1043.91,281,1,0.83,21,0
0.38,0,335.53,84,1,0.9,19,0
0.25,1,200.12,332,1,0.83,10,0
0.53,0,626.7,462,1,0.75,11,0
0.34,0,901.98,457,1,0.95,9,0
1.25,0,847.08,387,1,0.77,8,0
0.04,0,396.43,398,1,0.97,20,0
0.94,0,202.87,680,1,0.76,9,0
0.51,0,340.77,640,1,0.94,13,0
0.02,1,829.81,183,1,0.77,24,0
0.47,0,1195.87,382,1,0.89,8,0
2.07,0,1014.72,451,1,0.91,10,0
0.13,0,989.19,85,1,0.99,22,0
1.13,0,965.58,66,1,0.76,7,0
0.62,1,636.85,95,1,0.88,3,0
0.1,0,635.62,349,1,0.78,9,0
0.72,1,913.9,338,1,0.99,15,0
0.76,0,665.49,383,1,0.95,21,0
1.3,0,233.89,398,1,0.82,13,0
0.28,0,413.44,594,1,0.99,10,0
0.75,0,386.49,282,1,0.98,10,0
0.5,0,888.26,76,1,0.96,4,0
0.23,0,542.18,712,1,0.89,8,0
0.01,0,350.06,704,1,0.84,17,0
1.0,1,320.48,142,1,0.93,13,0
1.61,0,508.45,645,1,0.93,16,0
0.48,1,214.76,600,1,0.95,11,0
0.29,0,1106.68,378,1,0.96,15,0
0.99,0,1116.15,473,1,0.84,23,0
0.03,0,454.03,702,1,0.79,14,0
1.05,0,1064.11,389,1,0.91,9,0
0.09,0,554.59,529,1,0.97,16,0
0.0,0,993.94,109,1,0.79,7,0
0.73,0,781.5,543,1,0.91,16,0
0.35,0,1191.79,646,1,0.97,23,0
0.35,0,759.08,286,1,0.99,20,0
0.24,0,1067.3,502,1,0.78,23,0
0.04,1,489.15,56,1,0.9,8,0
0.46,1,461.14,546,1,0.88,20,0
0.11,1,1141.82,240,1,0.91,12,0
0.35,0,212.45,327,1,0.92,7,0
0.66,0,473.28,114,1,0.77,4,0
0.98,0,522.49,218,1,0.85,7,0
0.77,0,496.89,118,1,0.9,22,0
0.14,0,577.92,208,1,0.91,14,0
2.52,0,694.89,276,1,0.81,15,0
0.82,1,1037.38,267,1,0.8,22,0
2.48,0,479.36,330,1,0.96,21,0
0.77,0,609.66,604,1,0.87,4,0
0.33,0,392.1,559,1,0.89,20,0
0.44,1,569.69,364,1,0.81,16,0
0.93,1,846.46,632,1,0.8,19,0
3.25,0,679.65,643,1,0.92,14,0
0.78,0,524.71,608,1,0.79,14,0
0.43,0,1022.34,350,1,0.79,18,0
3.5,0,562.59,159,1,0.86,13,0
1.92,0,248.07,165,1,0.89,6,0
0.08,2,729.57,522,1,0.8,8,0
0.47,0,814.36,202,1,0.89,10,0
1.99,1,414.57,227,1,0.78,21,0
1.42,0,1015.96,503,1,0.9,15,0
0.75,0,521.98,510,1,0.79,14,0
0.31,0,562.34,80,1,0.77,13,0
0.14,1,231.14,451,1,0.81,23,0
0.38,1,337.47,176,1,0.85,16,0
0.62,0,1184.76,302,1,0.84,3,0
0.62,0,1133.51,302,1,0.87,15,0
0.08,0,433.21,413,1,0.78,22,0
0.12,0,679.93,273,1,0.87,17,0
0.63,0,1140.87,463,1,0.78,5,0
0.09,1,680.92,466,1,0.86,10,0
0.46,0,1154.01,461,1,0.89,10,0
0.39,1,621.62,126,1,1.0,15,0
0.82,1,753.53,705,1,0.88,3,0
2.53,1,379.68,718,1,0.77,24,0
0.06,1,1178.37,700,1,0.88,8,0
0.19,1,309.46,208,1,0.86,16,0
1.85,0,940.9,453,1,0.99,15,0
0.04,1,357.97,628,1,0.95,3,0
1.23,1,516.91,478,0,0.78,4,0
0.17,0,586.16,322,1,0.89,24,0
0.24,0,658.5,670,1,0.95,12,0
1.18,0,539.67,129,1,0.99,7,0
0.99,0,942.59,460,1,0.95,3,0
0.26,0,687.92,648,1,0.88,20,0
1.08,0,793.81,256,1,0.96,6,0
0.25,0,366.58,123,1,0.8,16,0
0.72,0,659.94,546,1,0.82,19,0
1.8,0,203.57,163,1,0.99,7,0
0.15,2,1143.83,446,1,0.95,11,0
0.46,1,595.99,206,1,0.97,23,0
0.59,0,506.7,608,1,0.82,24,0
0.12,1,893.15,341,1,0.99,12,0
3.32,1,214.22,673,1,0.98,12,0
1.54,0,384.08,565,1,0.93,9,0
1.62,0,438.48,206,1,0.91,8,0
0.39,0,493.69,272,1,0.96,20,0
1.85,0,385.7,238,1,0.94,23,0
0.6,1,462.25,713,1,0.78,20,0
0.09,0,262.56,618,1,0.9,18,0
0.54,0,819.92,72,1,0.86,6,0
0.37,0,521.63,469,1,0.78,19,0
2.06,1,937.2,495,1,0.87,8,0
0.38,0,781.22,315,1,0.93,9,0
1.85,0,1064.61,543,1,0.76,8,0
0.49,0,432.73,670,1,0.96,4,0
0.75,0,921.26,58,1,0.85,10,0
0.12,0,980.76,297,0,0.95,7,0
0.1,0,292.45,230,1,0.8,5,0
0.32,1,669.08,664,1,0.82,11,0
0.93,0,792.3,331,1,0.91,20,0
0.07,1,796.72,542,1,0.92,11,0
0.38,0,288.45,94,1,0.9,15,0
0.63,0,668.1,269,1,0.85,16,0
2.29,0,599.72,560,1,0.96,24,0
1.27,0,567.26,212,1,0.92,6,0
0.56,0,285.59,378,1,0.96,8,0
1.01,0,881.88,315,1,0.93,24,0
0.41,0,815.48,196,1,0.99,17,0
1.53,0,344.17,170,1,0.76,9,0
1.14,0,1178.43,230,1,0.79,3,0
1.46,1,1042.05,670,1,0.79,8,0
0.33,0,1123.13,172,1,0.87,8,0
0.45,2,960.47,610,1,0.81,21,0
0.02,1,812.69,280,1,0.89,4,0
1.53,0,1119.62,582,1,0.83,14,0
1.37,0,741.53,584,1,0.75,12,0
0.39,0,587.06,376,1,0.89,6,0
0.12,0,924.65,398,1,0.76,7,0
0.32,0,323.06,430,1,0.95,6,0
0.02,0,511.66,278,1,0.99,21,0
1.04,0,635.87,412,1,0.76,12,0
0.96,0,539.58,683,1,0.83,6,0
0.55,1,368.0,69,1,0.82,8,0
0.52,0,819.25,430,1,0.86,5,0
0.03,0,890.84,191,1,0.88,14,0
0.68,0,1130.35,520,1,0.85,20,0
0.7,0,325.99,664,1,0.86,14,0
0.63,0,864.5,301,1,0.98,7,0
1.32,0,860.06,211,1,0.84,16,0
1.4,1,422.68,198,1,0.9,13,0
2.25,1,290.78,278,1,0.79,3,0
0.39,0,323.4,164,1,0.81,8,0
1.75,0,985.64,260,1,0.97,12,0
0.69,0,401.54,240,1,0.81,24,0
0.13,0,1006.59,70,1,0.96,24,0
0.13,0,782.4,672,1,0.99,20,0
0.18,0,802.77,170,1,0.85,23,0
2.5,0,1062.48,119,1,0.85,10,0
2.01,0,1040.49,220,1,0.89,19,0
0.59,1,381.27,583,1,0.76,10,0
1.03,0,1191.69,698,1,0.82,4,0
1.41,0,1057.25,559,1,0.84,5,0
0.07,0,1197.54,676,1,0.92,9,0
1.59,0,453.63,417,1,0.83,24,0
0.35,2,1112.03,156,1,0.95,13,0
1.73,1,285.46,122,1,0.83,24,0
0.02,0,828.59,420,1,0.84,9,0
0.03,0,780.63,217,1,0.86,13,0
3.4,0,607.93,550,1,0.8,9,0
1.1,0,1078.45,299,1,0.86,16,0
0.46,0,1194.84,208,1,0.85,22,0
0.31,0,997.86,289,1,0.83,13,0
0.03,1,1057.01,350,1,0.86,19,0
1.66,0,234.74,615,1,0.88,6,0
0.63,1,516.27,466,1,0.89,6,0
1.78,0,978.2,489,1,0.94,16,0
0.75,0,995.12,375,1,0.94,11,0
0.48,0,227.34,352,1,0.82,21,0
0.32,0,1031.19,491,1,0.94,7,0
3.48,0,348.07,352,1,0.96,16,0
0.47,0,301.42,263,1,0.77,5,0
0.62,1,450.53,577,1,0.97,12,0
0.39,0,936.09,253,1,0.93,21,0
3.41,0,884.42,690,1,0.81,23,0
0.63,0,869.88,255,1,0.94,17,0
0.09,0,638.81,712,1,0.91,16,0
1.57,1,735.18,688,1,0.94,24,0
1.09,0,472.15,557,1,0.96,13,0
0.25,0,1134.88,645,1,0.95,7,0
0.3,0,438.23,182,1,0.81,15,0
1.19,0,653.26,61,1,0.94,13,0
2.36,1,859.52,412,1,0.77,4,0
0.13,0,1119.85,202,1,0.85,8,0
0.8,0,236.9,276,1,0.8,24,0
1.86,0,1071.13,625,1,0.86,14,0
0.45,0,1130.87,584,1,0.79,10,0
2.01,0,493.33,223,1,0.87,9,0
0.32,0,930.9,628,1,0.85,4,0
0.7,1,824.77,87,1,0.77,11,0
0.02,0,681.55,64,1,0.92,7,0
1.52,0,443.44,163,1,0.82,5,0
0.48,1,1140.89,544,1,0.76,9,0
0.46,0,1007.35,570,1,0.89,18,0
1.4,0,266.85,385,1,0.82,22,0
0.06,0,720.89,496,1,0.96,14,0
0.28,0,1083.41,126,1,0.86,19,0
0.42,0,748.03,136,1,0.86,13,0
0.02,1,666.7,232,1,0.76,13,0
0.5,2,771.39,404,1,0.93,3,0
0.64,0,945.74,681,1,0.84,16,0
0.91,0,555.76,57,1,0.86,23,0
1.07,0,308.72,703,1,0.83,22,0
0.9,0,635.09,701,1,0.99,13,0
0.01,0,1149.69,187,1,0.97,16,0
0.16,0,798.39,395,1,0.75,19,0
0.67,2,749.42,468,1,0.94,16,0
0.39,0,983.31,617,1,0.75,22,0
0.57,0,539.6,446,1,0.83,22,0
1.29,1,622.4,584,1,0.79,6,0
1.46,1,883.68,573,1,0.79,23,0
2.59,0,646.39,702,1,0.84,19,0
0.11,0,1123.75,678,1,0.81,18,0
1.19,0,747.96,529,1,0.99,17,0
2.29,1,921.11,57,1,0.94,14,0
0.2,0,917.11,287,1,0.99,3,0
0.28,0,1055.23,159,1,0.88,22,0
0.06,0,208.01,154,1,0.87,9,0
0.53,0,546.03,622,1,0.97,8,0
0.37,0,727.74,467,1,0.99,15,0
0.15,0,598.23,395,1,0.88,4,0
0.66,1,1125.78,321,1,0.77,6,0
0.26,0,1068.73,75,1,0.98,22,0
0.07,0,646.29,331,1,0.95,4,0
0.44,0,1170.47,244,1,0.83,18,0
0.69,0,321.32,59,1,0.94,5,0
0.32,0,331.5,713,1,0.82,18,0
0.11,0,480.24,95,1,1.0,19,0
0.1,0,1190.63,672,1,0.76,20,0
0.59,0,204.56,153,1,0.96,3,0
0.51,0,661.46,315,1,0.8,16,0
0.51,0,632.66,330,1,0.77,13,0
2.94,0,538.96,188,1,0.83,11,0
0.7,0,1064.04,450,1,0.81,22,0
1.77,0,1184.35,187,1,0.91,4,0
0.09,1,827.84,230,1,0.94,4,0
0.52,0,1116.78,241,1,0.82,21,0
0.22,0,896.98,599,1,0.93,23,0
0.96,0,712.77,75,1,0.76,16,0
0.8,0,1106.02,652,1,0.89,5,0
0.46,1,261.47,692,1,0.9,15,0
0.19,0,401.9,76,1,0.95,22,0
0.01,0,1015.46,206,1,0.89,13,0
0.48,1,667.79,680,1,0.94,5,0
0.43,0,353.06,177,1,0.82,17,0
0.75,1,222.82,569,1,0.8,24,0
1.18,0,243.8,679,1,0.82,16,0
2.43,0,902.62,108,1,0.98,16,0
0.75,1,393.41,312,1,0.98,8,0
1.46,0,870.68,542,1,0.99,16,0
0.34,0,550.78,307,1,0.76,24,0
0.58,0,795.6,345,1,0.91,8,0
0.69,0,611.91,694,1,0.78,14,0
0.71,0,216.96,203,1,0.75,17,0
2.88,1,358.69,464,1,0.92,8,0
0.92,0,1098.51,51,1,0.76,20,0
0.53,1,900.73,196,1,0.75,4,0
0.02,1,726.59,556,1,0.79,21,0
0.37,0,337.3,535,1,0.91,12,0
2.66,1,614.56,435,1,0.79,6,0
0.43,0,292.42,135,1,0.99,16,0
1.91,1,653.66,297,1,0.92,9,0
0.6,0,1144.7,233,1,0.98,18,0
0.34,0,489.17,87,1,0.83,14,0
0.58,0,879.91,131,1,0.89,18,0
0.35,2,345.76,536,1,0.99,22,0
1.36,0,1001.91,529,1,0.93,19,0
1.4,0,1069.03,543,1,0.87,24,0
1.04,0,541.45,625,1,0.9,3,0
0.65,0,663.85,685,1,0.79,20,0
1.59,0,856.11,547,1,0.88,16,0
0.06,1,882.22,251,1,0.77,4,0
0.45,0,541.49,362,1,0.86,15,0
0.58,0,407.6,304,1,0.79,13,0
1.42,0,668.07,664,1,0.83,9,0
0.65,0,309.94,303,1,0.79,20,0
0.59,0,1176.06,683,1,0.97,14,0
1.96,1,1055.89,221,1,0.86,16,0
2.97,0,634.73,674,1,0.84,11,0
1.77,1,456.5,326,1,0.99,10,0
0.81,0,845.87,578,1,0.96,20,0
0.07,0,718.68,374,1,0.93,9,0
1.11,1,1037.89,150,1,0.86,16,0
0.21,0,272.4,635,1,0.78,11,0
0.05,0,1029.48,307,1,1.0,10,0
0.62,1,378.63,579,1,0.91,24,0
0.13,0,1159.09,262,1,0.84,7,0
1.88,0,1123.35,250,1,0.87,22,0
0.0,0,934.0,679,1,0.9,13,0
0.87,1,537.2,82,1,0.81,4,0
0.36,1,1196.25,222,1,0.8,5,0
1.25,0,635.31,351,1,0.78,18,0
0.8,0,1172.8,347,1,1.0,19,0
0.46,0,214.75,668,1,0.88,22,0
1.75,0,1142.2,616,1,0.94,23,0
0.94,0,287.11,492,1,0.84,14,0
1.25,0,1176.8,510,1,0.8,16,0
0.51,0,749.45,522,1,0.84,3,0
0.21,0,990.33,709,1,0.75,16,0
1.28,0,662.74,371,1,0.89,20,0
0.02,0,554.52,643,1,0.99,3,0
0.03,0,351.2,388,1,0.83,10,0
0.33,0,1074.11,185,1,0.96,17,0
1.39,0,1105.91,601,1,0.9,20,0
0.27,0,1111.07,181,1,0.84,15,0
0.24,1,983.87,678,1,0.99,5,0
1.12,1,583.06,562,1,0.8,18,0
0.17,0,882.54,625,1,0.88,14,0
0.0,0,780.26,110,1,0.96,6,0
0.61,0,838.88,612,1,0.82,20,0
0.36,0,896.97,77,1,0.75,3,0
1.49,0,730.16,321,1,0.84,12,0
0.08,1,954.54,347,0,0.8,8,0
1.31,0,667.92,550,1,0.75,12,0
2.29,1,584.28,144,1,0.99,6,0
0.83,0,749.35,299,1,0.8,4,0
1.7,0,1030.28,703,1,0.89,17,0
0.72,0,514.96,680,1,0.87,6,0
1.08,0,894.4,699,1,0.99,7,0
0.04,1,732.32,614,1,0.9,17,0
0.03,0,1092.68,376,1,0.9,18,0
2.28,0,811.84,359,1,0.94,21,0
0.1,0,686.14,663,1,0.78,10,0
3.5,1,646.53,511,1,0.95,24,0
2.08,1,790.56,278,1,0.77,8,0
0.69,0,413.82,663,1,0.95,10,0
3.19,2,656.96,609,1,0.97,7,0
1.38,1,723.84,672,1,0.99,5,0
1.47,0,771.46,347,1,0.8,16,0
1.64,0,367.27,529,1,0.85,4,0
0.36,0,606.09,102,1,0.79,24,0
0.66,1,278.26,346,1,0.9,3,0
0.08,2,1007.63,107,1,0.95,12,0
0.79,0,934.16,617,1,0.87,19,0
0.31,0,859.07,114,1,0.95,9,0
0.21,2,847.55,672,1,0.82,3,0
0.86,1,412.89,469,1,0.77,23,0
0.71,0,891.44,205,1,0.77,5,0
0.07,0,1034.1,194,1,0.82,5,0
0.73,1,1192.33,148,1,0.91,4,0
1.05,0,1037.61,491,1,0.82,21,0
0.9,1,611.62,694,1,0.81,13,0
0.25,1,524.4,487,1,0.77,5,0
0.87,0,727.33,126,1,0.79,17,0
0.92,0,663.86,207,1,0.81,14,0
0.09,1,626.42,203,1,0.93,6,0
2.59,0,659.78,101,1,0.96,11,0
0.63,0,303.69,277,1,0.88,22,0
0.28,0,769.31,557,1,0.89,18,0
0.73,0,1150.41,257,1,0.85,8,0
0.55,0,540.28,532,1,0.86,3,0
0.12,1,328.57,394,1,0.79,9,0
0.38,2,1099.25,497,1,0.8,8,0
0.03,1,449.31,668,1,0.81,19,0
3.09,1,1023.58,627,1,0.96,14,0
0.03,0,887.27,360,1,0.92,17,0
0.69,1,619.16,498,1,0.78,22,0
0.77,0,1068.43,416,1,0.9,21,0
0.18,1,338.99,685,1,0.94,7,0
0.91,0,215.13,620,1,0.94,19,0
0.03,0,313.25,87,1,0.88,8,0
0.63,0,540.84,297,1,0.84,15,0
1.04,0,491.04,481,1,0.93,14,0
0.11,2,969.16,348,1,0.87,8,0
3.5,1,1150.92,116,1,0.85,18,0
1.77,0,260.47,203,1,0.87,5,0
0.14,0,670.82,213,1,0.8,4,0
0.07,2,547.12,710,1,0.85,3,0
0.93,1,257.31,622,1,0.84,19,0
1.36,0,314.75,287,1,0.83,17,0
0.34,0,254.29,93,1,0.94,11,0
0.01,0,202.05,340,1,0.82,11,0
0.13,0,389.0,592,1,0.89,10,0
1.92,0,753.4,318,1,0.94,7,0
1.17,0,803.92,322,1,0.78,4,0
0.52,0,574.02,158,1,0.91,4,0
1.61,2,1029.99,454,1,0.88,17,0
0.7,0,1033.66,80,1,1.0,13,0
0.18,1,1018.79,174,1,0.99,17,0
1.79,0,355.33,119,1,0.76,16,0
1.87,0,1076.93,316,1,0.95,17,0
0.26,1,412.05,519,1,0.82,21,0
1.55,1,402.53,532,1,0.86,18,0
0.56,0,1070.05,64,0,0.92,10,0
0.19,0,1188.1,661,1,0.78,3,0
0.33,0,933.78,173,1,0.75,12,0
0.31,0,604.51,401,1,0.89,17,0
0.11,0,578.71,713,0,0.77,11,0
0.54,1,1018.98,122,1,0.92,16,0
0.38,1,1095.03,282,1,0.87,8,0
0.53,0,707.41,170,1,0.84,15,0
0.09,1,709.73,475,1,0.93,7,0
0.16,0,311.77,676,1,0.76,19,0
0.52,0,486.26,608,1,0.81,23,0
1.22,0,1011.52,223,1,0.9,7,0
0.61,0,238.51,54,1,0.78,15,0
0.1,0,896.06,684,1,0.77,15,0
0.38,0,564.66,186,1,0.84,20,0
0.43,0,1000.09,669,1,0.88,3,0
0.11,0,1047.98,445,1,0.93,23,0
0.56,0,846.56,307,1,0.99,15,0
0.47,1,921.3,604,1,0.96,7,0
0.03,2,667.84,658,1,0.87,15,0
0.38,1,1132.54,268,1,0.87,11,0
0.58,0,617.26,308,1,0.89,22,0
0.02,1,985.59,405,1,0.88,11,0
1.42,0,1069.98,502,1,0.76,22,0
0.05,0,623.05,382,1,0.99,3,0
0.38,0,624.44,171,1,0.95,20,0
0.31,0,760.73,674,1,0.9,15,0
1.09,0,651.04,713,1,0.91,7,0
0.19,0,452.06,376,1,0.8,3,0
0.59,0,1032.84,210,1,0.77,3,0
0.61,0,828.92,291,1,0.82,9,0
0.99,1,1144.58,650,1,0.95,14,0
0.31,0,972.99,537,1,0.95,9,0
0.23,1,542.88,245,1,0.98,22,0
1.0,0,1008.68,199,1,1.0,9,0
0.36,0,860.41,57,1,0.91,18,0
0.26,0,485.95,102,1,0.8,5,0
1.29,0,211.15,432,1,0.87,5,0
2.99,2,1144.37,273,1,0.85,15,0
0.27,0,552.46,331,1,0.83,21,0
0.47,0,964.6,468,1,0.8,6,0
0.0,0,927.75,642,1,0.89,8,0
0.5,0,272.54,483,1,0.97,6,0
0.03,0,513.21,676,1,0.8,6,0
1.29,0,469.67,76,1,0.77,14,0
0.61,0,589.99,546,1,0.81,3,0
2.44,0,594.29,705,1,0.84,11,0
2.76,1,899.69,114,1,1.0,7,0
0.61,0,348.72,98,1,0.85,11,0
0.07,0,587.99,431,1,0.85,9,0
0.1,1,482.47,621,1,0.83,17,0
0.4,0,390.76,466,1,0.86,24,0
0.48,0,487.67,423,1,0.9,5,0
0.49,0,998.34,648,1,0.98,20,0
0.34,0,831.99,637,1,0.99,24,0
0.14,0,539.4,96,1,0.97,21,0
0.19,0,563.69,265,1,0.9,8,0
0.4,0,923.28,249,1,0.91,15,0
0.47,0,491.26,603,1,0.77,14,0
0.3,0,700.31,591,1,0.81,9,0
1.06,0,495.58,645,1,0.99,7,0
0.04,1,1028.35,119,1,0.99,9,0
0.9,0,559.25,520,1,0.92,21,0
1.89,0,237.38,693,1,0.97,10,0
1.6,1,1144.42,184,1,0.94,18,0
0.53,0,238.77,635,1,0.91,12,0
0.58,1,912.41,365,1,0.94,16,0
1.42,0,1120.66,420,1,0.84,23,0
1.6,0,1161.39,706,1,0.99,11,0
2.0,1,295.0,152,1,0.82,15,0
0.44,0,396.79,715,1,0.86,4,0
0.16,0,834.64,296,1,0.89,8,0
1.72,0,824.99,268,1,0.77,14,0
0.53,0,207.25,571,1,0.76,3,0
1.9,0,776.2,417,1,0.79,10,0
0.56,1,930.7,269,1,0.83,21,0
1.28,0,828.83,239,1,0.98,8,0
2.58,0,515.18,587,1,0.83,19,0
0.29,0,911.91,339,1,0.75,9,0
1.16,0,880.74,581,1,0.77,10,0
2.46,0,1153.83,158,1,0.89,19,0
1.6,0,614.39,290,1,0.82,24,0
2.83,0,1170.72,685,1,0.8,19,0
1.6,0,598.23,584,1,0.85,17,0
0.25,0,1153.43,390,1,0.98,14,0
0.04,0,920.25,705,1,0.95,23,0
0.26,0,1150.8,367,1,0.98,5,0
1.81,0,1038.14,503,1,0.85,17,0
0.7,0,827.18,56,1,0.95,19,0
0.22,0,915.38,445,1,0.8,13,0
0.03,0,849.43,197,1,0.79,9,0
0.22,1,887.54,462,1,0.82,23,0
0.71,0,1025.97,132,1,0.75,5,0
0.52,0,727.71,546,1,0.92,18,0
0.06,1,459.84,477,1,0.88,3,0
0.93,1,833.92,455,1,0.91,5,0
2.93,0,517.25,125,1,0.82,14,0
0.34,1,1193.21,549,1,0.89,14,0
1.39,0,749.76,90,1,0.82,6,0
2.17,0,727.62,469,1,0.95,9,0
0.03,0,508.21,259,1,0.8,11,0
1.08,0,626.51,349,1,0.78,19,0
0.4,0,544.0,600,1,0.84,4,0
0.52,0,731.53,369,1,0.93,13,0
0.27,2,248.46,601,1,0.75,3,0
1.78,0,315.57,311,1,0.91,14,0
0.41,1,1122.77,173,1,0.97,24,0
0.08,0,983.04,75,1,1.0,15,0
0.01,0,889.92,619,1,0.87,15,0
0.02,0,437.58,558,1,0.89,20,0
0.02,0,747.89,531,1,0.76,11,0
1.34,0,639.04,84,1,0.77,17,0
0.22,0,450.68,250,1,0.91,23,0
0.51,0,352.7,552,1,0.79,21,0
0.04,0,288.52,395,1,0.8,11,0
1.39,0,357.78,487,1,0.89,12,0
2.48,1,493.02,272,1,0.8,15,0
0.4,0,1053.33,689,1,0.84,17,0
1.25,0,786.9,180,1,0.81,10,0
0.7,0,1063.19,330,1,0.98,10,0
0.53,0,599.38,442,1,0.84,24,0
0.18,0,809.59,400,1,0.8,11,0
3.5,2,764.91,699,1,0.9,14,0
0.03,0,386.15,616,1,0.76,15,0
1.68,0,738.31,227,1,1.0,3,0
1.7,0,952.65,206,1,0.76,3,0
0.74,0,1102.42,612,1,0.77,19,0
0.25,0,582.11,683,1,0.83,17,0
0.05,0,823.44,325,1,0.78,12,0
0.63,1,263.13,606,1,0.78,22,0
0.34,0,266.58,447,1,0.8,20,0
1.27,0,411.16,610,1,0.77,6,0
0.05,0,648.0,102,1,0.79,4,0
0.59,1,587.51,654,0,0.95,23,0
1.56,0,1142.28,604,1,0.91,5,0
0.26,1,1078.95,71,1,0.93,14,0
0.46,0,670.04,348,1,0.98,21,0
0.53,2,533.13,238,1,0.75,24,0
0.33,0,878.99,432,1,0.79,23,0
0.85,0,852.47,162,1,0.88,21,0
1.55,1,726.95,294,1,0.9,21,0
1.02,1,802.72,312,1,0.84,21,0
0.2,0,996.03,282,1,1.0,7,0
0.16,0,237.92,125,1,0.89,14,0
0.08,2,824.24,241,1,0.91,7,0
0.21,0,1131.83,310,1,0.89,22,0
0.42,0,1168.2,370,1,0.87,4,0
2.84,0,384.41,519,1,0.77,3,0
2.68,0,304.93,335,1,0.83,17,0
0.04,1,838.29,302,1,0.81,6,0
0.17,0,585.73,84,1,0.93,11,0
1.15,1,642.79,341,1,0.87,7,0
0.44,0,461.47,187,1,0.77,16,0
0.12,0,582.03,120,1,0.82,6,0
0.37,1,237.47,75,1,0.93,23,0
0.35,0,400.74,121,1,0.93,12,0
0.92,2,709.7,652,1,0.8,4,0
0.11,1,579.23,379,1,0.99,21,0
1.74,0,553.18,502,1,0.86,8,0
0.61,0,404.08,154,1,0.86,4,0
0.04,1,1103.71,513,1,0.85,6,0
0.29,0,733.37,264,1,0.9,23,0
2.95,0,1061.48,195,1,0.94,12,0
0.22,0,476.44,697,1,0.93,13,0
0.01,0,763.61,421,1,0.84,7,0
0.98,0,621.29,332,1,0.92,6,0
0.02,0,1131.78,403,1,0.98,15,0
0.45,1,335.07,702,1,0.97,3,0
0.51,0,589.86,375,1,0.83,4,0
0.5,0,655.0,630,1,0.85,8,0
2.61,0,1038.81,449,1,0.85,15,0
0.1,0,897.08,429,1,0.83,7,0
0.19,0,239.06,148,1,0.96,17,0
0.22,0,1092.99,170,1,0.93,4,0
0.09,0,1035.12,323,1,0.78,18,0
0.2,0,465.09,182,1,0.84,5,0
0.06,0,496.68,571,1,0.86,6,0
0.24,0,1132.23,493,1,0.91,19,0
0.52,0,948.05,199,1,0.76,16,0
0.65,0,1074.54,147,1,0.98,24,0
0.54,0,766.26,333,1,0.89,12,0
0.67,0,433.44,508,1,0.9,19,0
0.34,0,731.75,718,1,0.84,13,0
3.38,1,1005.47,130,1,0.8,17,0
0.11,0,841.69,208,1,0.81,21,0
0.15,0,849.18,288,1,0.75,6,0
0.48,0,1012.92,364,1,0.99,18,0
0.7,0,1036.6,119,1,0.8,5,0
0.4,0,1100.72,545,1,0.87,12,0
0.86,0,740.64,110,1,0.94,8,0
1.14,1,1072.25,516,1,0.93,17,0
0.32,0,795.46,580,1,0.98,9,0
0.2,0,1144.35,202,1,0.83,16,0
1.02,0,943.3,506,1,0.96,7,0
0.83,2,1070.3,237,1,0.95,9,0
0.64,0,616.17,632,1,0.76,8,0
0.15,0,1056.98,278,1,0.9,13,0
0.2,0,1149.64,642,1,0.82,22,0
0.18,0,813.33,405,1,0.8,7,0
0.11,1,728.74,220,1,1.0,18,0
0.52,1,674.46,663,1,0.95,3,0
2.66,1,699.28,411,1,0.88,13,0
0.28,0,936.68,703,1,0.85,5,0
0.77,0,513.52,529,1,0.87,20,0
0.95,0,493.88,688,1,0.79,16,0
0.82,0,1044.28,158,1,0.78,21,0
1.09,0,1103.09,337,1,0.95,21,0
1.07,0,927.15,565,1,0.77,21,0
0.63,0,1020.73,632,1,0.81,4,0
0.84,0,1033.48,192,1,0.89,21,0
0.55,1,702.3,293,1,0.8,7,0
0.65,0,401.64,205,1,0.92,11,0
1.63,0,1092.34,655,1,0.93,9,0
0.55,0,1178.54,543,1,0.79,24,0
0.74,0,1003.34,412,1,0.79,8,0
3.5,0,380.82,547,1,0.97,14,0
0.02,0,858.96,432,1,0.94,17,0
0.6,0,972.34,338,1,0.87,18,0
2.68,0,1190.31,652,1,0.91,11,0
0.32,0,618.77,89,1,0.96,21,0
0.51,2,660.57,662,1,0.82,3,0
0.34,0,658.27,650,1,0.78,9,0
1.02,0,935.27,149,1,0.83,10,0
0.28,0,289.0,638,1,0.87,19,0
0.36,0,1153.5,212,1,0.82,14,0
1.91,0,592.22,150,1,0.77,20,0
2.65,0,501.07,445,1,0.9,14,0
1.22,0,910.15,478,1,0.97,23,0
0.32,1,520.92,429,1,0.93,11,0
0.68,1,335.8,694,1,0.99,6,0
0.33,0,719.29,618,1,0.75,5,0
2.51,1,389.46,179,1,0.77,23,0
3.5,0,1127.59,152,1,0.96,20,0
0.07,0,389.74,580,1,0.92,19,0
0.44,1,1098.5,356,1,0.93,7,0
2.91,0,345.97,454,1,0.9,20,0
0.82,0,958.03,598,1,0.79,17,0
0.87,0,494.97,89,1,0.83,15,0
0.9,2,784.32,291,1,0.91,3,0
0.7,2,468.79,337,1,0.93,4,0
1.18,0,1187.16,354,1,0.87,6,0
0.01,0,239.04,188,1,0.87,18,0
2.71,0,385.19,385,1,0.94,23,0
0.03,1,464.68,333,1,0.79,15,0
0.08,0,1122.11,578,1,0.99,13,0
0.4,0,959.3,102,1,0.95,11,0
0.48,0,574.48,334,1,0.85,16,0
1.91,1,645.87,463,1,0.84,3,0
0.58,0,776.53,271,1,0.9,23,0
0.51,0,1140.14,333,1,0.8,16,0
0.31,0,1170.23,156,1,0.8,10,0
0.51,0,1047.29,602,1,0.8,12,0
0.22,0,436.77,719,1,0.94,13,0
0.18,0,694.47,684,1,0.9,17,0
1.59,0,839.03,351,1,0.76,12,0
3.12,0,1176.09,318,1,0.79,6,0
1.51,0,882.36,263,1,0.99,17,0
0.91,0,879.38,350,1,0.75,16,0
0.53,0,850.23,477,1,0.97,9,0
0.25,0,715.92,84,1,0.99,20,0
0.23,0,405.23,214,1,0.84,15,0
0.42,0,1078.0,450,0,0.98,15,0
0.14,0,572.41,61,1,0.8,19,0
3.4,0,456.17,714,1,0.91,17,0
0.02,0,582.03,228,1,0.78,13,0
0.96,0,1135.1,275,1,0.96,24,0
0.06,0,987.7,112,1,0.75,4,0
0.68,0,1035.29,482,1,0.88,16,0
0.85,0,347.66,623,1,0.87,6,0
3.13,2,1128.99,232,1,0.82,9,0
0.04,0,746.05,165,1,0.85,9,0
0.49,0,284.52,223,1,0.83,17,0
0.88,0,913.33,308,1,0.98,6,0
0.17,0,524.04,388,1,0.91,23,0
0.34,0,1073.48,636,1,0.78,19,0
0.48,1,793.38,205,1,0.78,18,0
0.34,0,1109.05,93,1,0.77,6,0
0.0,0,768.57,563,1,0.84,8,0
1.24,0,397.25,122,1,0.86,12,0
0.08,1,377.2,675,1,0.87,20,0
0.13,0,1198.04,321,1,0.89,24,0
0.91,0,229.57,621,1,0.78,24,0
0.95,0,650.52,541,1,0.76,4,0
3.41,0,1134.3,419,1,0.95,6,0
0.0,0,968.08,206,1,0.95,13,0
0.53,0,1177.15,651,1,0.88,14,0
1.44,0,460.4,708,1,0.9,14,0
0.25,2,318.19,567,1,0.76,17,0
0.03,2,1187.73,121,1,0.98,5,0
0.42,0,1022.73,616,1,0.84,3,0
0.01,0,696.44,447,1,0.96,7,0
1.44,1,696.38,645,1,0.93,12,0
0.06,0,520.4,421,1,0.88,15,0
0.33,0,1156.57,353,1,0.82,5,0
0.14,1,216.48,328,1,0.79,13,0
1.28,0,382.33,460,1,0.9,15,0
2.9,0,703.82,236,1,0.82,7,0
0.51,0,805.46,561,1,0.93,5,0
1.17,0,802.15,551,1,0.82,18,0
0.09,0,330.93,309,1,0.95,14,0
0.28,0,1175.37,704,1,0.78,4,0
0.43,0,1126.57,134,1,0.77,7,0
0.26,0,364.76,315,1,0.98,5,0
0.9,1,1193.56,448,1,0.97,13,0
1.6,1,1134.05,696,1,0.91,15,0
0.6,0,212.97,212,1,0.86,3,0
1.54,0,945.77,291,1,0.92,5,0
0.28,0,646.43,88,1,0.95,18,0
0.26,0,811.11,206,1,0.84,10,0
1.26,0,833.71,272,1,0.76,15,0
0.49,0,487.06,238,1,0.93,15,0
0.76,0,474.91,175,1,0.87,10,0
1.2,1,489.99,136,1,0.96,14,0
0.15,0,596.24,537,1,0.87,8,0
0.25,2,735.33,188,1,0.84,19,0
0.37,0,224.03,54,1,0.88,20,0
1.49,2,233.85,390,1,0.91,9,0
0.87,1,202.93,430,1,0.95,6,0
0.43,0,447.72,236,1,0.87,4,0
0.57,1,814.21,389,1,0.89,10,0
1.3,1,883.73,511,1,0.79,7,0
0.04,0,886.02,662,1,0.98,3,0
0.37,1,1180.67,554,1,0.8,22,0
0.01,0,919.47,105,1,0.84,15,0
0.2,0,1152.38,558,1,0.92,5,0
0.71,0,609.99,532,1,0.82,19,0
1.32,0,1127.72,411,1,0.81,4,0
1.96,1,611.12,199,1,0.87,21,0
1.34,0,520.69,301,1,0.89,10,0
1.4,0,1025.74,214,1,0.92,12,0
0.35,0,812.82,353,1,0.87,3,0
0.16,0,263.28,614,1,0.97,19,0
0.95,0,365.56,458,1,0.82,22,0
0.1,0,705.8,569,1,0.9,15,0
0.32,0,1089.87,175,1,0.92,6,0
0.34,1,903.2,165,1,0.75,21,0
0.52,0,238.9,62,1,0.94,17,0
1.46,0,530.77,651,1,0.88,12,0
0.99,0,1132.0,615,1,0.95,4,0
0.95,0,1023.15,90,1,0.97,22,0
0.84,0,948.57,441,1,0.8,11,0
2.67,1,898.7,421,1,0.83,6,0
0.93,0,429.72,209,1,0.94,21,0
0.82,2,334.52,263,1,0.84,24,0
0.02,0,483.59,677,1,0.96,4,0
0.54,0,224.66,583,1,0.93,9,0
0.0,1,923.87,77,1,0.86,15,0
0.42,0,1146.74,59,1,0.92,20,0
1.5,0,945.04,438,1,0.91,15,0
0.13,0,1173.56,246,1,0.9,7,0
1.49,0,1171.71,565,1,0.89,15,0
1.61,1,1061.86,282,1,0.87,13,0
1.46,0,328.39,528,1,0.94,16,0
1.08,0,733.23,473,1,0.82,23,0
0.16,0,716.21,350,1,0.96,18,0
0.45,0,826.25,225,1,0.86,5,0
0.11,0,739.08,233,1,0.96,16,0
0.41,1,869.2,434,1,0.91,11,0
1.44,0,635.48,605,1,0.81,14,0
1.01,0,461.53,297,1,0.79,21,0
0.11,1,911.12,709,1,0.94,15,0
1.93,0,617.95,327,1,0.76,10,0
0.47,0,564.83,281,1,0.88,7,0
0.18,0,654.41,220,1,0.89,20,0
0.33,0,317.37,488,1,0.9,13,0
0.31,0,767.49,671,1,0.93,15,0
0.64,2,950.82,117,1,0.89,17,0
0.8,0,490.0,455,1,0.9,8,0
0.32,0,232.9,245,1,0.76,9,0
0.05,0,1070.04,62,1,0.77,18,0
0.28,0,351.1,278,1,0.8,3,0
0.65,0,722.3,451,1,1.0,11,0
1.04,0,1080.41,415,1,0.97,22,0
0.64,0,383.66,241,1,0.97,8,0
1.12,0,680.89,121,1,0.84,14,0
0.29,0,704.16,314,1,0.86,10,0
0.33,1,1019.89,534,1,0.8,19,0
0.56,0,414.58,590,1,1.0,8,0
1.83,0,393.12,347,1,0.87,14,0
0.4,0,222.77,157,1,0.85,8,0
1.26,0,961.37,175,1,0.9,15,0
0.22,1,951.55,541,1,0.89,6,0
0.11,0,1186.82,469,1,0.89,16,0
0.0,0,653.21,548,1,0.81,20,0
0.34,0,699.85,284,1,0.9,10,0
0.25,0,1188.08,87,1,0.9,23,0
0.9,0,1032.08,384,1,0.95,12,0
0.77,1,846.76,426,1,0.78,4,0
0.46,1,323.78,621,1,0.97,21,0
0.55,1,1077.01,185,1,0.8,18,0
0.75,1,218.7,706,1,0.81,20,0
0.91,1,1129.24,662,1,0.93,7,0
0.55,1,1115.99,407,1,0.89,16,0
0.12,0,227.04,714,1,0.94,17,0
0.69,1,513.47,50,1,0.79,10,0
0.18,0,970.98,397,1,0.79,9,0
0.34,0,473.52,536,1,0.96,18,0
2.3,0,261.41,425,1,0.76,15,0
0.69,1,602.54,478,1,0.77,24,0
0.23,0,331.27,457,1,0.86,3,0
0.67,2,1083.8,430,1,0.99,8,0
0.02,0,699.72,407,1,0.93,18,0
0.38,0,297.41,560,1,0.8,23,0
0.44,0,507.64,691,1,0.83,17,0
2.4,2,331.53,703,1,0.81,7,0
1.68,0,351.85,345,1,0.79,8,0
0.19,0,431.14,322,1,0.86,8,0
0.07,0,1068.72,464,1,0.76,13,0
0.36,0,286.43,634,1,0.93,9,0
0.36,0,549.05,412,1,0.8,16,0
0.38,0,1176.63,670,1,0.78,20,0
0.08,0,796.69,588,1,0.79,20,0
2.31,0,1131.33,347,1,0.79,4,0
0.59,1,466.01,288,1,0.98,20,0
0.78,0,504.78,314,1,0.77,6,0
0.13,0,1017.42,123,1,0.92,16,0
0.99,0,1142.49,365,1,0.87,3,0
0.12,1,875.53,240,1,0.86,3,0
1.48,0,735.46,235,1,0.97,21,0
0.76,0,1132.41,550,1,0.86,24,0
0.1,0,392.51,637,1,0.76,22,0
0.55,0,1144.14,294,1,0.84,15,0
0.63,0,210.21,425,1,0.98,19,0
0.58,2,887.4,109,1,0.97,19,0
0.19,0,360.92,145,1,0.94,22,0
0.36,1,1025.38,677,1,0.81,5,0
0.08,0,845.94,162,1,0.93,21,0
0.96,1,491.58,297,1,0.9,9,0
0.57,2,999.34,416,1,0.92,16,0
0.24,0,458.92,331,1,0.97,5,0
0.63,0,1061.31,432,1,0.87,10,0
0.01,0,256.09,679,1,0.8,24,0
0.7,0,719.54,534,1,0.84,21,0
2.23,0,1079.96,160,1,0.82,17,0
1.02,0,726.78,171,1,0.82,4,0
0.37,0,513.09,169,1,0.83,21,0
0.23,1,485.11,79,1,0.99,9,0
0.7,0,471.85,282,1,0.86,4,0
0.88,2,667.0,487,1,0.84,10,0
0.0,0,598.11,640,1,1.0,24,0
0.25,0,380.73,109,1,0.82,17,0
0.28,1,957.04,103,1,0.95,3,0
2.06,0,706.27,601,1,0.94,6,0
1.66,0,335.87,615,1,0.92,9,0
2.8,1,589.54,368,1,0.95,5,0
0.15,0,506.23,711,1,0.85,22,0
0.33,1,257.17,543,1,0.92,16,0
1.56,0,1050.09,448,1,0.8,15,0
0.21,1,307.99,329,1,0.84,12,0
0.46,0,300.41,247,1,0.98,16,0
0.87,1,437.93,205,1,0.79,17,0
2.05,0,790.54,70,0,0.91,5,0
0.02,0,561.62,247,1,0.87,21,0
0.71,0,261.27,364,1,1.0,15,0
0.14,1,847.32,133,1,0.98,3,0
0.12,1,971.23,710,1,0.89,22,0
0.07,1,868.21,608,1,0.78,3,0
1.62,0,352.39,211,1,0.81,3,0
1.93,0,371.84,146,1,0.94,19,0
0.5,0,878.39,71,1,0.95,5,0
3.25,0,747.01,339,1,0.9,9,0
0.47,0,745.61,375,1,0.95,15,0
0.09,1,336.7,328,1,0.87,11,0
1.17,2,603.21,552,1,0.94,17,0
0.22,0,1044.61,480,1,0.76,22,0
0.48,0,1035.54,106,1,0.79,20,0
0.49,0,398.68,369,1,0.79,16,0
0.67,0,486.79,302,1,0.85,5,0
1.57,0,514.28,135,1,0.9,17,0
0.15,0,323.64,607,1,0.97,17,0
0.13,0,1172.06,458,1,1.0,15,0
0.3,0,740.58,359,1,0.82,8,0
0.33,2,906.18,533,1,0.89,11,0
2.5,2,978.3,309,1,0.78,12,0
0.08,0,228.37,624,1,0.84,17,0
0.42,0,475.11,293,1,0.8,5,0
0.7,0,954.88,316,1,0.98,20,0
0.14,0,1039.87,657,0,0.92,10,0
0.11,0,864.89,708,1,0.93,12,0
0.92,0,691.93,596,1,0.98,12,0
0.35,1,461.43,482,1,0.86,13,0
0.91,0,403.47,702,1,0.97,17,0
0.02,0,844.96,568,1,0.84,6,0
1.17,0,660.09,627,1,0.89,5,0
0.54,0,322.8,325,1,0.8,23,0
0.33,0,425.37,170,1,0.87,17,0
1.04,0,279.75,464,1,0.95,4,0
1.01,1,466.43,397,1,0.79,3,0
0.27,0,990.87,81,1,0.84,14,0
1.24,0,1160.54,119,1,0.75,23,0
0.08,1,840.91,458,1,0.9,13,0
1.86,1,1136.42,633,1,0.99,14,0
1.02,0,354.53,140,1,0.78,24,0
0.43,0,249.1,534,1,0.99,3,0
1.24,0,759.86,384,1,0.79,14,0
0.04,0,863.59,263,1,0.95,9,0
0.4,1,739.7,122,1,0.97,17,0
0.08,0,1151.72,379,1,0.86,14,0
0.01,1,781.32,525,1,0.94,20,0
0.46,2,759.41,404,1,0.79,8,0
0.05,0,706.14,600,1,0.9,13,0
0.14,0,1060.6,317,1,0.94,24,0
0.04,0,1004.53,541,1,0.88,19,0
1.21,0,415.5,295,1,0.77,19,0
0.22,0,317.31,595,1,0.95,10,0
1.82,1,1013.74,636,1,0.87,19,0
1.06,0,789.96,347,1,0.82,18,0
0.03,0,750.72,406,1,0.92,7,0
1.59,0,483.51,389,1,0.99,3,0
0.42,0,620.87,352,1,0.79,5,0
1.49,1,232.66,560,1,0.9,14,0
1.03,0,1029.83,559,1,0.88,11,0
1.06,1,653.11,79,1,0.91,12,0
1.11,0,1195.78,719,1,0.96,24,0
0.09,0,993.44,625,1,0.95,16,0
0.61,1,275.17,621,1,0.87,3,0
1.17,0,1047.33,48,1,0.75,15,0
1.13,0,446.51,279,1,0.82,7,0
0.16,0,901.14,549,1,0.9,23,0
0.37,0,1153.92,528,1,0.89,21,0
0.77,0,1081.37,220,1,0.75,24,0
2.88,0,203.47,717,1,0.94,20,0
0.76,0,250.56,649,1,0.96,3,0
1.34,0,760.72,525,1,0.8,23,0
0.89,0,748.87,59,1,1.0,4,0
0.15,1,601.59,379,1,0.82,4,0
3.5,0,371.65,487,1,0.85,10,0
0.23,1,269.63,518,1,0.91,7,0
1.54,2,436.26,410,1,0.91,23,0
1.39,0,390.3,387,1,0.82,18,0
0.75,0,629.24,344,1,0.8,22,0
0.15,1,722.61,214,1,0.89,19,0
0.28,0,817.32,538,1,0.77,19,0
0.6,1,309.21,83,1,0.87,12,0
0.63,0,1112.67,354,1,0.92,13,0
0.84,0,434.68,134,1,0.81,12,0
2.77,2,533.1,517,1,0.87,7,0
1.98,1,667.99,369,1,0.78,15,0
0.54,0,640.38,246,1,0.84,9,0
0.24,0,1149.59,658,1,0.8,15,0
0.45,0,1186.83,506,1,0.91,4,0
0.67,0,632.85,362,1,0.98,19,0
0.9,0,409.26,352,1,0.92,22,0
0.92,1,1144.3,151,1,0.93,16,0
1.0,0,780.03,555,1,0.9,22,0
0.18,0,498.87,539,1,0.83,7,0
1.71,0,719.44,438,1,0.9,11,0
0.1,0,508.83,443,1,0.86,19,0
0.38,0,631.91,703,1,0.83,8,0
0.09,0,648.3,77,1,0.8,24,0
0.41,0,242.5,101,1,0.83,13,0
0.86,0,733.51,712,1,0.89,15,0
0.94,0,478.36,493,1,0.92,11,0
0.01,0,720.96,180,1,0.96,14,0
2.15,0,802.66,454,1,0.92,4,0
0.08,0,1038.67,116,1,0.92,4,0
0.59,0,841.17,75,1,0.8,17,0
0.89,2,373.78,123,1,0.76,4,0
1.96,1,363.32,240,1,0.91,9,0
0.06,1,446.36,351,1,0.86,7,0
0.28,1,461.82,603,1,0.9,9,0
0.29,0,1057.61,217,1,0.89,4,0
0.04,0,546.31,382,1,0.8,23,0
0.6,0,616.0,206,1,0.79,13,0
0.4,0,302.03,287,1,0.97,8,0
1.14,0,508.0,219,1,0.86,3,0
1.23,2,388.84,293,1,0.76,24,0
0.72,0,781.61,429,1,0.82,3,0
0.21,1,881.35,472,1,0.83,19,0
0.92,1,271.54,678,1,0.98,24,0
0.17,0,584.35,654,1,0.94,15,0
0.26,0,568.16,271,1,0.75,13,0
0.52,0,977.44,392,1,0.87,23,0
0.89,0,688.53,454,1,0.85,11,0
1.2,0,864.96,203,1,0.93,6,0
0.76,1,676.37,336,1,0.94,18,0
0.36,0,411.91,606,1,0.77,20,0
0.0,1,844.85,367,1,0.95,20,0
0.55,2,657.72,257,1,1.0,7,0
2.1,0,1047.72,598,1,0.98,23,0
0.7,2,250.56,696,1,0.82,5,0
0.86,0,813.35,214,1,0.78,23,0
1.51,0,366.48,240,1,0.91,14,0
1.03,0,265.96,506,1,0.97,18,0
0.67,0,548.48,312,1,0.85,21,0
0.89,1,661.09,78,1,0.92,13,0
1.23,0,1057.63,55,1,0.76,3,0
1.14,1,277.9,357,1,0.82,17,0
0.16,0,832.14,101,1,0.9,3,0
0.43,0,626.27,206,1,0.93,15,0
0.31,0,283.77,466,1,0.87,11,0
0.6,1,244.43,701,1,0.85,8,0
0.05,1,932.87,277,1,0.79,5,0
1.11,0,505.69,337,1,0.94,9,0
0.73,0,222.09,81,0,0.76,14,0
1.35,0,699.53,415,1,0.98,11,0
0.95,0,930.93,261,1,0.79,6,0
0.22,0,736.97,399,1,0.79,14,0
0.6,0,606.97,121,1,0.98,5,0
0.13,1,247.84,88,1,0.78,10,0
0.23,0,767.25,168,1,0.78,11,0
0.06,1,534.2,495,1,0.88,12,0
1.24,0,637.53,534,1,0.87,24,0
0.13,1,884.95,330,1,0.84,22,0
0.54,0,470.07,55,1,0.98,14,0
3.5,0,714.58,73,1,0.86,10,0
0.49,1,1172.96,510,1,0.89,9,0
0.12,1,971.67,245,1,0.87,22,0
2.86,0,483.63,109,1,0.98,8,0
0.25,0,757.72,517,1,0.9,8,0
0.63,1,1097.32,289,1,0.87,16,0
0.8,0,868.45,516,1,0.87,19,0
2.3,0,766.8,286,1,0.79,11,0
0.27,1,1141.51,184,1,0.83,15,0
0.34,0,863.23,552,1,0.88,17,0
0.17,0,995.83,111,1,0.87,23,0
2.0,1,1028.67,119,1,0.76,6,0
2.09,1,957.14,592,1,0.93,4,0
0.04,1,869.08,121,0,0.98,5,0
1.12,0,715.63,88,1,0.91,15,0
0.21,0,476.79,252,1,0.79,14,0
1.63,0,206.99,657,1,0.8,9,0
0.72,1,481.45,328,1,0.88,12,0
3.13,1,618.66,551,1,0.95,12,0
0.83,0,1022.19,411,1,0.92,16,0
0.11,0,779.76,618,1,0.98,5,0
0.68,0,601.98,480,1,0.95,15,0
1.07,1,309.85,441,1,1.0,21,0
0.3,1,1121.41,78,1,0.86,16,0
0.26,1,786.94,514,1,0.77,9,0
1.27,1,759.84,428,1,0.78,13,0
0.4,0,247.72,565,1,0.89,10,0
0.11,0,595.34,669,1,0.98,8,0
0.5,0,437.54,660,1,0.93,21,0
0.43,0,383.62,416,1,0.79,22,0
0.02,0,882.57,387,1,0.83,5,0
0.14,1,228.44,227,1,0.78,8,0
0.47,0,1061.7,127,1,0.87,15,0
1.89,0,281.86,512,1,0.99,5,0
0.22,0,1154.1,373,1,0.84,5,0
2.15,0,1108.71,382,1,0.82,15,0
0.36,0,682.45,473,1,0.85,12,0
0.04,0,558.55,572,1,0.88,11,0
0.1,0,1199.89,519,1,0.94,9,0
0.8,0,836.47,82,1,0.87,19,0
0.37,2,578.55,428,1,0.99,13,0
0.5,0,1069.86,526,1,0.96,13,0
1.91,0,1175.37,509,1,0.82,16,0
0.15,0,850.11,465,1,0.97,14,0
0.15,0,762.6,515,1,0.81,22,0
1.26,0,564.67,567,1,0.86,24,0
0.08,1,909.11,98,1,0.87,20,0
0.74,0,1180.89,456,1,0.79,11,0
1.37,0,451.66,250,1,0.77,17,0
0.37,1,600.06,128,1,0.96,5,0
0.03,0,469.83,515,1,0.83,17,0
1.01,0,874.12,112,1,0.98,24,0
0.48,1,257.4,274,1,0.86,16,0
0.52,2,1124.49,127,1,0.89,9,0
0.53,0,465.16,713,1,0.95,23,0
0.53,0,233.54,687,1,0.99,17,0
0.25,0,617.04,260,1,0.97,14,0
0.01,0,1086.44,197,1,0.99,20,0
0.8,1,795.9,67,1,0.78,10,0
0.02,0,1055.33,109,1,0.91,4,0
0.85,0,775.38,190,1,0.94,5,0
3.5,0,351.56,563,1,0.9,15,0
0.49,0,966.26,451,1,0.79,14,0
0.37,0,423.98,461,1,0.81,12,0
0.39,0,1198.31,209,1,0.85,14,0
0.33,0,668.32,545,1,0.84,23,0
1.13,0,1122.17,368,1,0.91,12,0
0.54,0,971.24,549,1,0.92,12,0
0.41,0,468.0,221,1,0.81,22,0
1.19,0,291.51,209,1,0.85,21,0
0.69,0,935.27,258,1,0.97,16,0
2.19,0,481.83,455,1,0.85,17,0
0.55,0,609.89,619,1,0.86,8,0
1.47,0,509.71,277,1,0.81,14,0
0.99,0,1031.45,139,1,0.98,22,0
2.22,0,1042.72,208,1,0.91,15,0
0.43,0,201.82,341,1,0.82,24,0
1.18,0,644.09,711,1,0.88,9,0
0.86,0,838.88,444,1,0.79,11,0
0.02,1,303.48,457,1,0.81,10,0
0.94,0,672.14,438,1,0.78,4,0
0.36,0,379.44,221,1,0.97,21,0
0.31,0,950.58,322,1,0.78,7,0
2.8,0,542.1,94,1,0.96,14,0
0.5,0,650.04,346,1,0.99,14,0
0.7,0,856.48,90,1,0.91,19,0
0.16,0,247.83,288,1,0.99,24,0
0.15,0,898.36,461,1,0.77,17,0
0.81,0,752.19,334,1,0.85,18,0
0.1,0,770.59,328,1,0.88,8,0
0.8,0,1147.9,123,1,0.78,18,0
1.61,1,318.54,140,1,0.84,14,0
0.91,0,829.35,529,1,0.95,11,0
0.5,0,862.98,273,1,0.89,24,0
0.28,0,280.48,322,1,0.85,6,0
1.66,0,763.74,715,1,0.96,7,0
0.48,1,678.68,84,1,0.93,21,0
0.49,0,256.37,103,1,0.82,22,0
0.6,1,1180.9,661,1,0.76,17,0
0.5,1,217.66,436,1,0.82,17,0
0.14,0,1007.56,457,1,0.81,17,0
0.4,0,1086.03,391,1,0.91,18,0
1.47,0,732.83,685,1,0.92,21,0
0.82,0,522.17,60,1,0.76,14,0
0.03,0,337.09,550,1,0.85,12,0
0.18,0,785.52,422,1,0.92,4,0
0.14,0,737.13,515,1,0.83,15,0
0.02,0,499.17,250,1,0.88,19,0
1.59,0,852.79,385,1,0.98,6,0
0.33,1,526.1,365,1,0.91,22,0
0.5,0,1117.8,637,1,0.94,8,0
0.6,0,1089.62,154,1,0.92,24,0
0.41,0,622.02,364,1,0.9,18,0
0.38,0,401.36,84,1,0.98,14,0
2.36,0,1078.76,286,1,0.97,14,0
0.07,0,556.38,386,1,0.9,22,0
0.63,0,369.66,492,1,0.98,19,0
1.18,0,672.69,228,1,0.84,4,0
0.53,2,1107.54,517,1,0.8,6,0
1.42,1,385.0,138,1,0.85,20,0
3.13,0,474.5,672,1,0.99,10,0
0.53,2,531.03,279,1,0.86,8,0
0.32,0,976.8,423,1,0.98,9,0
0.08,0,360.88,313,1,0.81,11,0
1.99,0,1174.46,68,1,0.88,21,0
1.07,0,617.91,659,1,0.95,5,0
0.58,1,1102.54,620,1,0.99,6,0
0.23,0,1023.41,267,1,0.88,14,0
0.17,0,809.38,674,1,0.75,11,0
0.9,0,223.55,326,1,0.77,13,0
0.11,1,790.93,606,1,0.93,3,0
1.14,1,820.62,502,1,0.97,21,0
1.65,0,391.56,648,1,0.89,10,0
1.38,0,728.34,665,1,0.8,5,0
0.19,0,882.26,190,1,0.77,14,0
1.14,0,1137.04,148,1,0.94,20,0
1.05,0,1058.73,433,1,0.75,22,0
0.06,0,1159.98,645,1,0.82,20,0
0.14,0,267.09,199,1,0.8,4,0
0.32,0,381.87,614,1,0.94,22,0
0.23,1,718.61,376,1,0.97,9,0
0.52,1,359.83,416,1,0.93,9,0
0.13,0,576.37,417,1,0.8,12,0
0.19,0,339.62,216,1,0.99,10,0
0.03,0,888.27,145,1,0.76,10,0
0.4,0,672.21,481,1,1.0,14,0
0.02,1,413.46,359,1,1.0,21,0
0.6,0,597.44,627,1,0.82,15,0
0.28,1,1006.78,359,1,0.82,22,0
0.45,1,505.51,430,1,0.83,20,0
2.04,0,547.5,567,1,1.0,12,0
0.51,2,249.17,706,1,0.88,10,0
0.61,0,756.84,502,1,0.8,18,0
0.13,0,854.67,249,1,0.92,12,0
0.61,0,505.84,594,1,0.94,12,0
0.55,1,1058.14,311,1,0.88,15,0
0.91,0,814.18,203,1,0.98,20,0
1.04,0,715.94,634,1,0.99,22,0
0.27,0,873.23,82,1,0.98,12,0
0.91,0,233.16,252,1,0.94,5,0
2.03,0,1165.24,53,1,0.83,24,0
0.13,0,630.53,703,1,0.91,6,0
3.02,0,547.22,125,1,0.83,10,0
0.25,0,640.98,464,1,0.95,3,0
0.63,0,924.79,690,1,0.92,22,0
0.82,0,348.24,495,1,0.94,15,0
0.42,1,791.37,343,1,0.9,4,0
1.85,1,780.56,605,1,0.99,15,0
0.23,1,672.01,385,1,0.96,6,0
1.0,0,763.33,351,1,0.92,15,0
0.29,0,740.14,389,1,0.78,17,0
0.73,2,955.51,134,1,0.94,8,0
0.96,0,613.77,133,1,0.96,16,0
0.39,0,1184.21,172,1,0.81,20,0
1.58,0,1008.44,261,1,0.87,12,0
0.88,0,317.35,129,1,0.88,10,0
0.04,0,725.06,668,1,0.96,3,0
0.94,0,394.2,183,1,0.75,19,0
0.05,0,1093.97,325,1,0.87,10,0
0.1,1,847.89,561,1,0.87,19,0
0.11,0,1186.16,57,1,0.97,13,0
1.06,1,549.7,667,1,0.84,17,0
0.85,0,653.02,387,1,0.95,10,0
1.21,2,1169.13,695,1,0.99,9,0
1.58,0,306.72,83,1,0.8,15,0
0.15,0,276.59,426,1,0.88,11,0
0.45,0,584.47,501,1,0.96,21,0
0.04,0,1046.94,467,1,0.78,17,0
0.15,0,443.2,107,1,0.98,7,0
0.19,0,954.36,357,1,0.91,22,0
0.41,0,268.13,399,1,0.91,14,0
0.14,0,802.14,637,1,0.95,11,0
0.56,0,453.54,700,1,0.81,6,0
0.02,0,755.25,376,1,0.95,15,0
0.81,0,1049.31,522,1,0.96,24,0
2.07,0,842.41,164,1,0.95,18,0
0.64,0,691.52,651,1,0.77,14,0
2.51,0,538.11,711,1,0.78,21,0
0.23,0,219.43,92,1,0.86,17,0
0.32,0,1149.97,698,1,0.86,13,0
1.27,1,568.11,587,1,0.97,5,0
2.58,0,728.73,267,1,0.96,8,0
0.79,0,324.86,223,1,0.77,14,0
2.28,0,615.97,644,1,0.95,4,0
0.43,0,915.31,274,1,0.97,9,0
0.49,0,569.04,403,1,0.88,24,0
1.67,0,843.61,91,1,0.95,7,0
1.31,0,389.92,487,1,0.97,19,0
0.75,1,1130.33,590,1,0.88,12,0
1.07,0,938.53,668,1,0.8,13,0
0.03,0,397.16,530,1,0.86,9,0
0.26,1,760.6,550,1,0.86,15,0
1.37,0,814.21,225,1,0.91,23,0
0.55,0,523.74,342,1,0.79,4,0
0.16,1,804.4,306,1,0.81,5,0
1.13,0,583.73,307,1,0.81,18,0
0.3,0,347.82,555,1,0.77,7,0
1.01,0,649.81,168,1,0.88,19,0
3.5,0,533.95,584,1,0.91,14,0
0.12,0,866.73,165,1,0.76,5,0
0.67,0,413.99,327,1,0.88,4,0
2.32,0,633.64,195,1,0.78,15,0
1.91,0,428.48,59,1,0.86,14,0
2.06,0,693.94,298,1,0.77,10,0
0.71,0,478.28,218,1,0.8,22,0
0.13,0,793.4,266,0,0.94,7,0
0.08,0,578.0,561,1,0.97,7,0
1.21,1,631.46,205,1,0.91,8,0
0.39,0,283.43,704,1,0.78,15,0
1.81,1,609.65,544,1,0.84,13,0
0.11,0,370.7,568,1,0.94,19,0
0.14,2,855.67,485,1,0.91,15,0
1.38,0,1142.32,206,1,0.91,17,0
1.03,1,321.38,636,1,0.91,23,0
0.41,0,243.46,246,1,0.92,8,0
0.09,0,678.92,159,1,0.86,24,0
0.0,0,1034.55,563,1,0.91,23,0
2.76,1,1172.21,72,1,0.92,13,0
0.34,2,297.76,433,1,0.9,11,0
1.3,0,998.69,624,1,0.92,11,0
0.0,0,1176.5,188,1,0.94,10,0
0.3,0,372.81,680,1,0.98,3,0
1.03,0,402.8,519,1,0.77,24,0
1.88,0,302.67,152,1,0.76,4,0
0.23,1,730.7,416,1,0.83,3,0
1.42,0,266.88,208,1,0.92,16,0
3.44,0,438.17,521,1,0.88,18,0
0.56,0,303.7,425,1,0.99,3,0
2.01,0,344.38,297,1,0.76,7,0
2.96,0,1060.31,164,1,0.86,9,0
0.22,0,1046.3,333,1,0.93,4,0
1.44,0,1101.68,249,1,0.91,18,0
0.56,0,760.75,402,1,0.82,13,0
0.87,0,271.15,571,1,0.76,4,0
0.93,0,459.99,81,1,0.89,22,0
0.23,0,554.51,497,1,0.99,19,0
0.52,0,1050.63,290,1,0.83,23,0
0.13,0,922.22,257,1,0.99,14,0
0.27,0,672.76,225,1,0.89,15,0
1.07,1,405.76,255,1,0.83,15,0
1.3,0,628.54,380,1,0.92,12,0
0.71,0,1098.65,97,1,0.84,7,0
0.13,0,685.55,115,1,0.89,3,0
1.43,0,599.25,633,1,0.89,4,0
0.18,0,293.09,110,1,0.92,7,0
0.93,0,912.86,108,1,0.79,20,0
0.14,0,1034.93,484,1,0.87,3,0
2.53,0,253.56,66,1,0.87,5,0
0.57,1,276.0,53,1,0.84,17,0
0.34,0,646.21,335,1,0.88,12,0
0.41,0,665.85,569,1,0.96,11,0
0.79,0,408.5,48,1,0.79,9,0
0.28,0,736.89,186,1,0.8,13,0
0.23,0,253.79,160,1,0.87,9,0
0.42,0,455.92,612,1,0.86,20,0
0.44,2,291.24,116,1,0.96,14,0
0.04,1,598.99,357,1,0.91,19,0
1.0,0,1088.88,463,1,0.8,4,0
2.35,1,341.65,557,1,0.98,7,0
0.49,0,440.33,470,1,0.92,21,0
1.0,0,793.53,102,1,0.99,5,0
0.5,0,917.03,246,1,0.83,21,0
0.53,0,334.23,448,1,0.94,5,0
0.31,1,678.08,426,1,0.8,9,0
0.81,0,320.69,655,1,0.97,9,0
0.43,0,606.97,199,1,0.86,4,0
0.06,0,346.32,220,1,0.88,17,0
0.93,0,930.17,530,1,0.86,23,0
0.39,0,730.62,292,1,0.93,14,0
0.9,0,250.03,301,1,0.92,11,0
0.28,0,901.25,529,1,1.0,24,0
0.52,1,755.26,389,1,0.85,11,0
1.63,1,598.01,83,0,0.95,11,0
0.42,1,540.62,524,1,0.87,15,0
0.11,0,953.13,496,1,0.86,17,0
0.53,1,819.58,518,1,0.95,6,0
0.09,0,576.48,503,1,0.83,8,0
0.36,0,861.57,510,1,0.96,24,0
1.89,1,804.8,62,1,0.87,16,0
1.31,0,650.71,93,1,0.77,7,0
1.22,2,843.89,597,1,0.81,18,0
0.33,0,930.43,630,1,0.78,5,0
0.49,0,845.29,111,1,0.78,8,0
1.28,0,854.82,404,1,0.81,21,0
0.31,1,791.03,261,1,0.85,18,0
0.12,0,949.46,283,1,0.86,10,0
0.36,1,658.27,611,1,0.75,8,0
0.86,0,1083.69,718,1,0.78,17,0
0.89,1,842.1,193,1,0.79,4,0
0.99,1,898.32,50,1,0.89,16,0
1.39,0,868.87,322,1,0.93,23,0
1.93,0,1094.16,330,1,0.75,6,0
1.13,0,1167.93,668,1,0.96,3,0
0.28,0,386.38,178,1,0.77,3,0
2.02,0,1022.6,625,1,0.92,10,0
0.01,0,259.08,692,1,0.87,19,0
0.76,0,281.28,712,1,0.94,17,0
0.08,1,368.92,99,1,0.78,14,0
0.2,0,949.2,84,1,0.88,22,0
0.12,0,547.93,515,1,0.81,24,0
0.66,0,783.27,247,1,0.91,18,0
0.95,0,201.39,396,1,0.83,15,0
0.0,2,954.68,322,1,0.9,17,0
0.43,0,832.86,718,1,0.89,22,0
0.12,2,504.15,140,1,0.95,23,0
0.95,0,573.63,442,1,0.93,3,0
0.21,0,219.89,485,1,0.86,21,0
0.16,0,221.64,51,1,0.82,23,0
0.26,0,484.95,465,1,0.89,20,0
0.79,2,637.72,119,1,0.84,12,0
0.91,0,446.45,229,1,0.91,16,0
0.36,0,1182.14,384,1,0.91,7,0
0.46,1,968.3,521,1,0.95,4,0
1.05,0,995.37,653,1,0.93,4,0
1.88,0,459.99,651,1,0.75,16,0
1.84,0,335.76,277,1,0.85,6,0
0.69,0,1049.72,523,1,0.91,14,0
2.98,1,418.6,283,1,0.9,24,0
0.36,0,992.51,507,1,0.82,12,0
1.56,0,658.2,608,1,0.83,15,0
0.03,1,324.57,701,1,0.8,21,0
0.2,0,884.79,490,1,0.82,7,0
0.31,0,1117.47,78,1,0.97,13,0
1.7,1,302.65,387,1,0.79,5,0
0.1,1,882.17,90,1,0.91,16,0
0.01,0,935.43,118,1,0.84,23,0
1.1,0,527.53,354,1,0.8,19,0
0.23,0,932.78,74,1,0.78,24,0
0.0,0,506.38,281,1,0.81,24,0
0.53,0,264.69,547,1,0.98,5,0
0.77,0,654.2,503,1,0.79,12,0
0.61,1,710.13,692,1,0.92,7,0
0.48,0,312.85,397,1,0.75,6,0
0.1,0,728.54,509,1,0.8,17,0
1.2,1,537.89,641,1,0.91,23,0
1.0,0,1029.55,251,1,0.87,8,0
1.31,0,308.76,536,1,1.0,8,0
0.06,0,949.29,428,1,0.88,12,0
0.01,1,478.24,70,1,0.95,9,0
0.57,0,332.59,210,1,0.79,23,0
0.07,0,665.52,167,1,0.95,20,0
0.66,0,266.52,88,1,0.82,21,0
0.11,0,678.0,585,1,0.91,7,0
0.81,0,688.33,639,1,1.0,6,0
0.07,0,1039.54,261,1,0.77,20,0
0.41,0,1145.33,329,1,0.87,24,0
0.11,0,528.47,618,1,0.91,18,0
0.21,0,388.17,679,1,0.87,19,0
0.55,0,683.3,148,1,0.92,5,0
0.27,0,1080.11,513,1,0.79,10,0
0.2,1,784.18,57,0,0.91,4,0
1.77,0,782.45,424,1,0.78,15,0
2.62,0,726.4,706,1,1.0,7,0
1.35,0,1004.99,667,1,0.86,12,0
0.72,0,502.05,592,1,0.8,23,0
0.85,0,767.53,425,1,0.83,12,0
0.85,1,474.21,479,1,0.97,12,0
0.3,0,943.91,314,1,0.88,16,0
1.64,0,384.65,208,1,0.87,11,0
0.04,0,1045.32,312,1,0.94,11,0
0.58,0,395.94,86,1,0.9,8,0
0.47,0,827.08,164,1,0.76,14,0
0.79,0,438.52,261,1,0.77,22,0
1.12,1,1042.6,97,1,0.75,10,0
0.44,0,295.35,75,1,0.87,11,0
1.39,0,238.38,146,1,0.76,4,0
0.98,1,200.87,374,1,0.93,6,0
0.31,0,1165.8,552,1,0.84,11,0
1.27,0,378.0,612,1,0.89,18,0
0.77,0,834.01,310,1,0.97,24,0
0.81,0,322.0,179,1,1.0,18,0
1.8,0,510.38,277,1,0.93,7,0
0.19,0,1000.77,172,1,0.95,11,0
0.46,1,570.63,618,1,0.85,3,0
0.27,0,846.46,269,1,0.9,19,0
1.56,0,853.43,623,1,0.86,21,0
1.04,2,266.56,454,1,0.91,13,0
0.29,1,957.92,168,1,0.95,10,0
1.09,0,212.75,679,1,0.8,12,0
0.8,0,869.72,498,1,0.77,6,0
1.34,0,262.82,355,1,0.96,13,0
1.02,1,486.42,426,1,0.82,18,0
1.34,0,390.79,295,1,0.8,18,0
0.37,0,1159.3,301,1,0.97,8,0
0.2,0,661.74,281,1,0.82,10,0
0.42,0,1094.98,299,1,0.96,14,0
1.58,2,577.23,711,1,0.95,10,0
0.91,0,575.92,487,1,0.94,21,0
0.89,0,675.36,310,1,0.93,17,0
0.57,1,257.41,227,1,0.78,15,0
10.94,2,1178.99,211,1,0.12,15,1
24.34,2,1182.17,220,1,0.23,16,1
0.69,0,1121.55,715,1,0.98,1,1
0.44,1,1608.69,517,1,0.89,1,1
0.35,0,853.11,686,1,0.97,0,1
0.17,2,1681.83,135,0,0.66,11,1
1.38,2,1478.38,63,0,0.34,14,1
0.25,11,3047.23,3,1,0.79,7,1
1.38,12,2778.38,6,0,0.85,8,1
8.04,0,947.22,135,1,0.12,18,1
0.42,3,582.21,58,0,0.18,13,1
0.8,13,1274.1,8,1,0.74,6,1
0.23,0,1556.48,598,1,0.92,1,1
20.99,0,1397.33,241,1,0.35,12,1
0.83,8,2308.17,2,1,0.76,3,1
0.94,1,1565.95,463,1,0.9,0,1
0.72,1,1089.2,238,1,0.95,0,1
21.75,2,1311.18,373,1,0.39,17,1
0.89,0,800.44,389,1,0.92,0,1
0.21,1,1116.24,309,1,0.93,0,1
0.58,0,2413.81,545,1,0.93,0,1
20.5,0,1115.61,169,1,0.35,6,1
9.24,1,1486.92,40,1,0.36,19,1
0.62,1,1740.35,67,0,0.44,13,1
1.14,3,1610.67,150,0,0.18,12,1
0.41,6,2385.94,1,1,0.68,2,1
13.3,0,1305.05,328,1,0.07,8,1
1.08,8,1485.35,7,0,0.7,3,1
0.17,1,1951.35,360,1,0.92,0,1
0.44,0,2495.8,591,1,0.94,0,1
1.9,1,1374.11,68,0,0.13,3,1
24.59,2,684.56,95,1,0.28,12,1
0.32,3,1337.66,143,0,0.19,13,1
0.51,1,1841.12,543,1,0.96,1,1
1.08,2,881.27,38,0,0.66,7,1
1.9,1,1515.09,145,0,0.58,3,1
11.67,2,608.34,313,1,0.01,16,1
23.75,1,657.54,329,1,0.14,8,1
0.45,2,1770.17,45,0,0.63,10,1
15.94,1,939.33,204,1,0.03,12,1
0.88,1,501.41,12,0,0.15,13,1
12.74,0,964.3,357,1,0.4,6,1
8.4,2,654.01,263,1,0.15,7,1
1.79,2,726.06,14,0,0.34,13,1
1.37,2,1561.75,115,0,0.63,6,1
0.62,11,1348.61,8,0,0.8,4,1
17.53,1,655.68,176,1,0.07,10,1
0.87,1,1205.71,273,1,0.99,0,1
17.1,0,631.87,176,1,0.07,18,1
0.55,1,1849.84,352,1,0.96,0,1
0.34,0,847.66,524,1,0.94,1,1
0.89,9,1940.92,3,1,0.63,6,1
0.89,0,2012.23,447,1,0.88,1,1
16.92,1,554.73,192,1,0.06,7,1
6.22,1,1152.8,107,1,0.35,18,1
10.28,2,571.03,269,1,0.03,19,1
0.07,0,2231.75,333,1,0.83,1,1
12.93,0,804.31,155,1,0.31,19,1
0.16,9,1674.61,4,1,0.73,9,1
0.88,0,1777.34,518,1,0.93,1,1
11.01,2,989.28,322,1,0.19,12,1
0.66,0,2356.43,646,1,0.86,1,1
0.84,8,1659.24,5,1,0.82,4,1
14.4,2,596.06,175,1,0.36,17,1
11.32,0,777.35,219,1,0.18,13,1
9.84,0,1016.12,196,1,0.26,9,1
0.96,7,1624.12,9,1,0.67,6,1
0.16,14,1486.57,2,1,0.7,7,1
0.29,14,2142.19,1,0,0.79,8,1
20.0,0,1258.74,285,1,0.19,13,1
1.41,1,1975.35,85,0,0.24,6,1
0.52,0,1891.25,352,1,0.99,0,1
0.83,1,1304.95,258,1,0.89,1,1
0.37,1,2214.44,404,1,0.85,0,1
0.63,0,1969.95,506,1,0.89,0,1
14.13,0,717.43,167,1,0.19,14,1
23.05,2,1349.46,263,1,0.12,19,1
0.84,6,3169.0,5,1,0.78,3,1
0.95,1,959.71,554,1,0.93,1,1
18.19,0,543.93,303,1,0.03,19,1
24.19,0,708.37,190,1,0.19,15,1
16.31,0,850.26,37,1,0.15,11,1
18.91,0,1011.03,183,1,0.11,5,1
1.68,1,744.35,88,0,0.36,11,1
14.82,2,1328.93,195,1,0.34,10,1
1.82,3,1326.61,86,0,0.66,7,1
2.0,2,1508.58,112,0,0.67,3,1
0.7,3,1111.14,71,0,0.38,6,1
1.18,3,1247.73,121,0,0.28,9,1
1.13,2,631.47,27,0,0.69,11,1
1.17,14,2647.46,2,1,0.75,3,1
0.02,12,2541.37,8,1,0.6,2,1
0.53,1,916.7,118,0,0.16,11,1
1.05,8,2413.51,5,1,0.8,6,1
13.53,0,1154.15,76,1,0.29,16,1
0.62,6,1161.59,6,1,0.94,2,1
0.78,2,1986.74,99,0,0.14,7,1
1.07,9,1420.43,4,1,0.84,8,1
0.97,2,760.69,157,0,0.43,7,1
0.43,0,1794.7,385,1,0.88,0,1
0.25,0,2178.52,191,1,0.98,1,1
11.98,0,1281.53,169,1,0.13,17,1
1.21,2,1966.71,106,0,0.34,11,1
0.1,7,2132.11,9,1,0.63,8,1
0.86,1,2085.49,125,1,0.83,0,1
0.63,7,2666.13,2,1,0.82,6,1
1.54,2,1256.19,20,0,0.61,3,1
22.72,0,1265.88,42,1,0.14,5,1
0.11,12,2794.16,5,1,0.91,5,1
0.76,1,2198.16,108,1,0.99,1,1
0.69,1,1340.1,181,1,0.8,0,1
0.23,7,3056.26,9,1,0.71,5,1
0.06,1,2105.9,547,1,0.86,1,1
8.52,0,759.54,125,1,0.17,15,1
0.85,1,2106.75,408,1,0.97,1,1
9.79,2,713.91,108,1,0.27,7,1
0.09,0,2080.41,147,1,0.92,1,1
0.94,3,1982.51,112,0,0.55,8,1
0.61,1,1064.62,480,1,0.94,0,1
0.12,3,1079.04,135,0,0.4,4,1
